CustomerID,Recency,Frequency,Monetary,Cluster
12346,326,1,77183.6,2
12347,2,182,4310.0,0
12348,75,31,1797.24,0
12349,19,73,1757.55,0
12350,310,17,334.4,2
12352,36,85,2506.04,0
12353,204,4,89.0,3
12354,232,58,1079.4,2
12355,214,13,459.4,3
12356,23,59,2811.43,0
12357,33,131,6207.67,0
12358,2,19,1168.06,0
12359,58,248,6372.58,0
12360,52,129,2662.06,0
12361,287,10,189.9,2
12362,3,266,5226.23,0
12363,110,23,552.0,3
12364,8,85,1313.1,0
12365,291,22,641.38,2
12367,4,11,168.9,0
12370,51,167,3545.69,0
12371,45,63,1887.96,0
12372,72,52,1298.04,0
12373,311,14,364.6,2
12374,25,33,742.9300000000001,0
12375,11,17,457.5,0
12377,315,77,1628.12,2
12378,130,219,4008.62,3
12379,82,40,852.24,0
12380,22,104,2724.81,0
12381,5,87,1845.31,0
12383,185,99,1850.56,3
12384,29,27,585.27,0
12386,338,10,401.9,2
12388,16,100,2780.66,0
12390,80,32,549.84,0
12391,22,100,460.89,0
12393,72,64,1582.6000000000001,0
12394,64,27,1272.48,0
12395,19,156,3018.63,0
12397,36,126,2409.9,0
12398,46,85,1635.6599999999999,0
12399,119,59,1108.65,3
12401,303,5,84.3,2
12402,323,11,225.6,2
12403,50,5,427.7,0
12405,149,54,1710.39,3
12406,22,105,3415.3,0
12407,50,77,1708.1200000000001,0
12408,33,105,2888.55,0
12409,79,109,11072.67,0
12410,309,26,693.3299999999999,2
12412,75,61,1226.88,0
12413,67,38,758.1,0
12414,217,18,562.41,3
12415,24,714,124914.53,0
12417,3,192,3649.1,0
12418,113,34,668.58,3
12420,64,29,600.39,0
12421,16,45,807.04,0
12422,96,39,803.5600000000001,3
12423,1,125,1859.31,0
12424,163,30,1760.96,3
12425,78,36,777.2,0
12426,195,30,582.73,3
12427,22,31,825.8,0
12428,26,294,7956.46,0
12429,9,97,3750.4,0
12430,43,11,256.4,0
12431,36,235,6487.45,0
12432,43,108,5059.32,0
12433,1,420,13375.87,0
12434,85,50,806.14,0
12435,80,36,7829.89,0
12436,100,16,509.01,3
12437,2,199,4951.41,0
12438,14,98,2906.85,0
12441,367,11,173.55,2
12442,3,12,172.06,0
12444,21,176,5005.46,0
12445,22,4,133.4,0
12446,58,57,1002.3100000000001,0
12447,243,26,476.49,2
12448,44,22,449.45,0
12449,22,191,4067.29,0
12450,156,8,197.88,3
12451,11,354,9035.52,0
12452,17,22,430.57,0
12453,134,43,707.09,3
12454,56,15,3528.34,0
12455,73,90,2466.86,0
12456,44,125,3181.04,0
12457,66,62,2363.23,0
12458,71,38,947.4,0
12461,94,35,826.88,0
12462,19,62,1189.59,0
12463,53,83,1344.78,0
12464,10,29,1212.05,0
12465,17,47,742.1899999999999,0
12468,188,38,729.5400000000001,3
12471,2,460,19824.05,0
12472,32,339,6572.11,0
12473,29,168,3938.5499999999997,0
12474,17,424,7375.79,0
12475,54,36,723.38,0
12476,16,233,6816.42,0
12477,23,300,13219.74,0
12478,4,36,680.99,0
12479,11,31,527.2,0
12480,28,154,3281.63,0
12481,23,217,5596.32,0
12483,17,75,2484.98,0
12484,33,346,4541.72,0
12488,10,55,1298.66,0
12489,336,15,334.93,2
12490,5,245,5417.93,0
12491,39,26,460.40000000000003,0
12492,63,20,263.21000000000004,0
12493,166,22,433.74,3
12494,16,77,1246.1000000000001,0
12497,82,14,1043.1,0
12498,21,23,403.70000000000005,0
12500,23,61,4257.82,0
12501,337,149,2169.39,2
12502,96,147,3723.87,0
12504,18,9,482.04999999999995,0
12506,233,23,73.5,2
12507,134,21,1304.81,3
12508,26,69,398.27,0
12509,284,7,176.5,2
12510,143,33,982.5699999999999,3
12512,66,34,138.03,0
12513,113,35,612.29,3
12514,267,51,1017.68,2
12515,353,16,383.7,2
12516,78,26,1312.06,0
12517,28,284,2502.84,0
12518,1,124,2056.89,0
12519,64,18,340.84,0
12520,79,152,2634.26,0
12521,143,38,599.68,3
12522,39,12,192.72,0
12523,19,106,1789.77,0
12524,9,144,4485.72,0
12526,1,71,1316.66,0
12527,82,18,348.71000000000004,0
12528,9,92,1933.48,0
12530,60,66,1662.28,0
12531,15,17,125.22,0
12532,30,16,349.83000000000004,0
12534,131,63,1089.18,3
12535,92,34,716.35,0
12536,43,261,12601.830000000002,0
12538,29,21,363.95,0
12539,22,273,5568.35,0
12540,20,478,13400.24,0
12541,30,52,981.18,0
12544,36,19,372.7,0
12545,75,50,1000.39,0
12546,47,69,1161.5,0
12547,198,8,207.79999999999998,3
12548,166,5,95.19999999999999,3
12550,79,57,964.83,0
12551,358,10,168.0,2
12552,39,20,437.82,0
12553,8,191,3692.28,0
12556,50,121,603.71,0
12557,16,33,11990.960000000001,0
12558,8,11,269.96,0
12559,311,21,561.71,2
12560,5,105,2134.01,0
12561,303,16,238.85,2
12562,8,168,3781.7400000000002,0
12564,261,21,456.9,2
12565,289,9,145.92,2
12566,86,19,351.65,0
12567,23,446,9401.28,0
12569,2,188,4124.69,0
12571,40,34,519.61,0
12572,9,60,1020.42,0
12573,227,28,160.54000000000002,3
12574,316,11,218.45,2
12576,36,88,1315.83,0
12577,35,147,657.8,0
12578,21,114,2794.51,0
12579,78,29,440.42,0
12580,247,24,415.7,2
12581,40,15,197.71,0
12582,239,22,511.36,2
12583,3,247,7281.38,0
12584,4,96,2338.15,0
12585,234,87,2040.1,2
12586,17,11,196.94000000000003,0
12587,8,4,144.0,0
12588,39,10,214.89999999999998,0
12589,29,35,646.68,0
12590,211,68,9864.26,3
12591,317,26,452.84999999999997,2
12592,92,18,437.6,0
12593,109,21,418.09999999999997,3
12594,38,118,3338.2200000000003,0
12596,51,27,618.27,0
12597,19,206,3811.22,0
12598,10,132,3023.08,0
12599,29,62,1032.58,0
12600,29,64,2599.04,0
12601,190,28,577.0600000000001,3
12602,59,12,153.12,0
12603,22,2,739.1999999999999,0
12604,79,16,254.18,0
12607,60,101,1579.51,0
12609,78,60,1126.85,0
12610,23,106,2099.54,0
12611,52,65,1193.32,0
12612,74,19,704.0400000000001,0
12613,57,153,3344.38,0
12614,278,20,315.6,2
12615,2,105,2291.19,0
12616,95,32,713.3,0
12617,29,42,355.53,0
12618,22,11,177.31,0
12619,16,90,3641.24,0
12620,15,92,1339.41,0
12621,2,467,13689.67,0
12622,232,11,180.1,2
12623,276,18,305.1,2
12624,106,38,641.13,3
12625,212,86,2683.82,3
12626,23,294,6620.48,0
12627,11,230,4478.53,0
12628,4,41,786.46,0
12630,10,64,1270.88,0
12631,57,31,640.5,0
12633,59,101,2163.98,0
12635,90,101,1689.18,0
12637,67,390,6021.9,0
12638,33,39,671.69,0
12639,239,22,486.1,2
12640,24,53,1174.58,0
12641,115,10,185.9,3
12642,25,47,1013.26,0
12643,128,24,3344.64,3
12644,130,31,477.91,3
12645,34,73,1775.18,0
12646,5,45,1346.97,0
12647,22,121,3722.82,0
12648,155,21,318.05,3
12649,107,31,623.51,3
12650,3,20,314.44,0
12651,335,9,114.0,2
12652,331,48,919.98,2
12653,149,43,2209.85,3
12654,11,38,601.98,0
12656,17,126,4051.17,0
12657,11,47,1643.18,0
12658,19,36,686.05,0
12659,30,5,91.68,0
12660,11,13,245.1,0
12662,1,230,3849.78,0
12664,8,37,4881.88,0
12665,325,3,63.0,2
12667,58,33,620.13,0
12668,12,161,3807.15,0
12669,151,101,2744.0299999999997,3
12670,10,92,2996.05,0
12672,330,10,225.89999999999998,2
12673,5,42,610.52,0
12674,39,83,1970.6,0
12676,25,45,1331.39,0
12678,42,165,17628.46,0
12679,59,48,1113.02,0
12680,1,52,862.81,0
12681,15,638,13787.54,0
12682,4,525,12288.22,0
12683,4,344,8476.57,0
12684,8,105,2283.63,0
12685,28,157,2863.08,0
12686,372,7,89.14,2
12688,114,171,4873.8099999999995,3
12689,26,72,1247.61,0
12690,206,16,389.01,3
12691,28,32,1035.8,0
12693,127,39,855.91,3
12694,70,37,869.67,0
12695,7,27,582.1,0
12697,29,41,957.59,0
12700,8,268,4939.99,0
12701,80,53,797.71,0
12702,20,12,219.0,0
12703,71,21,283.55,0
12704,7,88,2340.84,0
12705,15,334,6868.29,0
12707,292,33,603.42,2
12708,30,157,2712.91,0
12709,15,208,9736.52,0
12710,97,77,1149.02,3
12712,29,133,4396.13,0
12713,1,38,848.55,0
12714,9,259,4708.86,0
12715,106,21,353.86,3
12716,4,69,1053.49,0
12717,151,55,1030.98,3
12718,71,19,238.25,0
12719,5,39,644.95,0
12720,3,354,5781.73,0
12721,32,161,2656.13,0
12722,85,53,997.63,0
12723,4,69,725.07,0
12724,5,53,1031.41,0
12725,371,24,427.8,2
12726,28,124,2609.1,0
12727,11,139,3980.7,0
12728,71,46,836.33,0
12729,114,26,453.01,3
12731,24,274,18895.91,0
12732,180,12,236.26000000000002,3
12733,234,22,383.95,2
12734,353,4,110.39999999999999,2
12735,315,43,779.5699999999999,2
12736,333,4,234.0,2
12738,372,11,155.35,2
12739,78,38,1013.04,0
12740,64,27,427.6,0
12743,134,134,546.43,3
12744,52,222,21279.29,0
12747,2,103,4196.01,0
12748,1,4595,33719.73,0
12749,4,199,4090.88,0
12750,129,15,275.88,3
12752,81,53,4366.78,0
12753,23,197,21429.39,0
12754,236,63,3010.74,2
12755,281,4,3811.95,2
12756,87,4,112.07999999999998,0
12757,16,371,7857.1,0
12758,117,97,2791.59,3
12759,52,95,1531.44,0
12762,8,69,1898.52,0
12763,138,18,494.08,3
12764,317,45,1693.88,2
12766,4,310,6989.63,0
12769,239,32,1143.6,2
12770,211,12,1351.45,3
12772,60,55,892.47,0
12775,17,66,1386.04,0
12778,20,50,822.23,0
12779,38,149,3981.36,0
12781,64,25,826.74,0
12782,5,103,2330.92,0
12783,2,84,2225.91,0
12784,9,59,574.42,0
12785,364,14,311.95,2
12787,10,20,463.66,0
12789,65,4,91.85,0
12790,192,21,324.92,3
12791,374,2,192.60000000000002,2
12792,257,25,400.53999999999996,2
12793,335,24,545.48,2
12794,53,45,860.41,0
12795,19,14,430.48,0
12797,366,13,254.03,2
12798,10,8,6977.04,0
12802,187,25,427.58,3
12808,37,28,483.65000000000003,0
12809,178,25,489.31,3
12811,261,31,514.85,2
12812,45,15,229.64000000000001,0
12814,102,2,125.92,3
12815,148,47,1063.46,3
12816,96,29,572.2,3
12817,281,4,166.04,2
12818,262,14,1542.08,2
12820,3,59,942.34,0
12821,214,6,92.72,3
12822,71,46,948.88,0
12823,75,5,1759.5,0
12824,60,25,397.12,0
12826,3,91,1474.72,0
12827,6,25,430.15000000000003,0
12828,3,56,1018.71,0
12829,337,11,293.0,2
12830,38,38,6814.64,0
12831,262,9,215.05,2
12832,32,27,383.03,0
12833,145,24,417.38,3
12834,283,18,312.38,2
12836,59,175,2612.86,0
12837,173,12,134.1,3
12838,34,123,683.13,0
12839,3,314,5591.42,0
12840,144,113,2726.77,3
12841,5,420,4022.35,0
12842,70,34,1118.99,0
12843,66,103,1702.26,0
12844,29,52,325.96000000000004,0
12845,267,27,354.09,2
12847,22,91,871.54,0
12849,31,51,1050.8899999999999,0
12851,97,50,135.18,3
12852,295,17,311.55,2
12853,135,78,1957.1000000000001,3
12854,79,110,1324.5,0
12855,373,3,38.1,2
12856,8,314,2179.93,0
12857,211,46,1106.4,3
12863,52,5,521.2,0
12864,138,3,147.12,3
12865,26,95,1568.23,0
12866,283,26,559.12,2
12867,26,538,4036.82,0
12868,186,107,1607.0600000000002,3
12871,84,11,380.64,0
12872,327,66,599.97,2
12873,282,4,374.0,2
12875,143,2,343.2300000000001,3
12876,58,85,2218.02,0
12877,4,154,1535.77,0
12878,236,47,854.99,2
12879,45,10,573.22,0
12881,276,7,298.0,2
12882,9,13,1463.04,0
12883,25,42,703.47,0
12884,88,7,309.05,0
12885,63,71,1175.22,0
12886,68,82,1378.4,0
12888,214,5,354.12,3
12890,24,82,380.46999999999997,0
12891,186,3,331.0,3
12893,31,34,188.14,0
12895,42,22,372.8,0
12897,205,4,216.5,3
12901,9,116,17654.54,0
12902,265,10,138.68,2
12904,18,72,509.58,0
12906,12,63,2919.81,0
12908,176,2,750.0,3
12909,40,91,2178.67,0
12910,23,75,3075.04,0
12912,3,24,1662.3,0
12913,5,50,2483.63,0
12915,149,22,363.65,3
12916,139,107,3006.15,3
12917,128,2,594.0,3
12919,8,50,1335.19,0
12920,17,28,164.23,0
12921,9,720,16587.09,0
12922,161,28,405.38,3
12923,64,29,176.97,0
12924,88,30,933.7,0
12925,5,45,694.05,0
12928,35,84,2062.7000000000003,0
12929,312,8,117.85,2
12930,78,25,415.8,0
12931,22,82,42055.96,0
12933,24,106,607.53,0
12935,2,129,2160.7,0
12936,17,62,1063.9,0
12937,15,120,1504.27,0
12938,26,9,114.14,0
12939,64,47,11581.8,0
12940,55,99,913.54,0
12942,131,75,683.9,3
12944,36,30,604.51,0
12945,288,23,462.95,2
12947,144,97,1603.99,3
12948,16,116,2064.95,0
12949,31,215,4167.22,0
12950,2,23,1843.0,0
12951,9,63,1064.07,0
12952,6,79,1387.79,0
12953,10,17,329.85,0
12955,1,180,4757.16,0
12956,306,19,108.07,2
12957,10,238,4017.54,0
12962,7,16,266.39,0
12963,8,95,1856.63,0
12965,89,109,771.91,0
12966,10,10,160.18,0
12967,358,19,1660.9,2
12968,112,5,135.95,3
12970,7,151,452.24,0
12971,4,305,11189.91,0
12974,198,8,144.8,3
12976,212,22,738.6,3
12977,156,9,39.239999999999995,3
12980,158,20,7374.900000000001,3
12981,30,20,372.21999999999997,0
12982,243,28,390.54,2
12984,19,4,97.5,0
12985,1,76,1239.38,0
12987,74,28,558.7,0
12988,292,92,535.32,2
12989,3,64,6924.110000000001,0
12990,31,13,409.5,0
12991,23,31,503.76,0
12993,23,27,414.76,0
12994,4,61,974.4200000000001,0
12995,85,3,211.32,0
12997,22,59,1226.89,0
12999,196,28,455.88,3
13000,107,31,534.85,3
13001,4,339,9818.82,0
13002,318,7,120.94999999999999,2
13003,106,6,149.05,3
13004,12,404,5655.91,0
13005,174,26,513.7,3
13006,56,4,81.57,0
13008,323,14,229.46999999999997,2
13011,372,3,50.550000000000004,2
13012,9,89,1661.8400000000001,0
13013,1,219,4810.9400000000005,0
13014,11,109,3466.2799999999997,0
13015,53,176,3346.28,0
13016,73,47,789.89,0
13017,7,1,204.0,0
13018,16,458,7277.7,0
13021,4,131,2616.38,0
13023,64,40,689.9,0
13026,1,40,975.36,0
13027,114,26,6912.0,3
13028,23,45,661.3199999999999,0
13029,31,10,1247.5,0
13030,11,99,799.48,0
13032,52,71,1010.18,0
13033,357,11,190.55,2
13034,55,37,642.77,0
13035,74,27,921.88,0
13037,138,48,881.07,3
13038,80,28,908.46,0
13040,9,43,676.99,0
13043,273,13,516.42,2
13044,291,33,560.47,2
13045,99,18,305.28000000000003,3
13046,31,35,629.31,0
13047,32,172,3237.54,0
13048,14,136,1835.91,0
13049,64,14,656.6800000000001,0
13050,15,403,5836.86,0
13052,212,18,348.15000000000003,3
13055,78,76,1214.41,0
13058,25,8,271.40000000000003,0
13059,250,8,183.4,2
13060,254,15,307.53,2
13061,72,10,248.61,0
13062,191,11,346.98,3
13064,13,69,1119.49,0
13065,373,14,205.86,2
13066,24,48,470.8,0
13067,82,15,115.46000000000001,0
13068,10,2,344.0,0
13069,1,425,4436.12,0
13070,192,9,228.8,3
13072,267,7,177.15,2
13075,130,22,919.61,3
13077,1,112,729.27,0
13078,3,358,12627.94,0
13079,4,6,220.10000000000002,0
13080,179,6,58.08,3
13081,12,1024,28337.38,0
13082,126,73,3613.63,3
13083,4,18,303.75,0
13085,158,22,416.08000000000004,3
13089,3,1818,58825.83,0
13090,9,155,8910.82,0
13091,28,21,345.82,0
13092,71,25,477.83,0
13093,276,159,7832.47,2
13094,21,24,1927.3200000000002,0
13095,71,6,74.39999999999999,0
13097,33,423,6010.42,0
13098,1,572,28882.44,0
13099,99,1,207.35999999999999,3
13101,234,8,101.19,2
13102,1,304,6424.09,0
13103,40,8,243.94,0
13104,3,20,1098.48,0
13106,133,1,76.5,3
13107,44,58,1531.6200000000001,0
13108,373,10,350.06,2
13109,60,47,786.54,0
13110,31,145,1488.67,0
13113,1,200,12245.960000000001,0
13115,12,120,2294.78,0
13116,138,30,501.14,3
13117,22,76,984.91,0
13118,20,79,1197.81,0
13120,239,1,30.599999999999998,2
13121,269,50,283.73,2
13122,94,55,922.39,0
13124,90,235,3866.33,0
13126,5,140,2099.64,0
13127,78,15,259.17,0
13130,94,2,64.0,0
13131,23,44,1073.3,0
13132,262,3,77.3,2
13133,274,7,109.8,2
13134,86,98,1793.58,0
13135,197,1,3096.0,3
13136,56,127,2607.61,0
13137,11,704,3650.41,0
13138,22,63,962.39,0
13139,16,170,5064.94,0
13140,108,46,423.72,3
13141,85,135,2388.75,0
13142,19,23,307.09,0
13144,333,3,110.95,2
13145,40,6,618.52,0
13146,26,17,228.91,0
13147,10,4,712.8000000000001,0
13148,29,319,3707.12,0
13149,14,86,1676.06,0
13151,296,74,1257.8700000000001,2
13153,6,15,486.22,0
13155,33,85,971.76,0
13157,49,87,1741.22,0
13158,95,79,1201.06,0
13159,9,121,1437.85,0
13160,22,4,91.8,0
13161,313,8,112.75,2
13162,122,79,1688.29,3
13165,46,42,1021.48,0
13166,283,41,417.2,2
13167,19,65,791.33,0
13168,36,131,1319.19,0
13169,64,13,712.88,0
13170,27,32,116.00999999999999,0
13171,22,46,468.41,0
13173,4,43,353.65,0
13174,16,314,2817.03,0
13176,46,72,492.84,0
13177,65,17,282.45,0
13178,26,265,5725.47,0
13182,45,11,121.18,0
13183,8,94,3957.78,0
13184,15,181,1701.29,0
13185,268,1,71.4,2
13186,40,79,1575.89,0
13187,337,37,236.02,2
13188,11,2,114.60000000000001,0
13189,19,29,260.68,0
13192,95,63,911.94,0
13193,61,29,117.88,0
13194,136,3,60.7,3
13196,11,110,1797.78,0
13198,10,226,3401.2400000000002,0
13199,4,119,9817.12,0
13200,19,46,870.09,0
13203,10,57,869.46,0
13207,15,8,250.26000000000002,0
13208,59,149,1223.9,0
13209,30,321,5891.61,0
13210,94,22,353.48,0
13211,10,56,1197.42,0
13212,20,142,788.08,0
13213,57,90,1520.58,0
13216,268,5,333.74,2
13217,122,4,533.98,3
13218,127,5,62.63999999999999,3
13220,78,21,819.2900000000001,0
13221,240,66,847.41,2
13223,200,5,163.20000000000002,3
13224,60,108,2155.95,0
13225,3,32,6463.84,0
13226,273,16,108.21000000000001,2
13227,202,9,257.7,3
13228,81,2,358.0,0
13229,226,10,160.95,3
13230,4,611,2806.97,0
13232,13,207,1357.6,0
13233,74,43,605.12,0
13235,212,58,1031.07,3
13236,25,36,744.85,0
13238,17,31,700.73,0
13239,262,21,329.56,2
13240,96,67,663.65,3
13242,112,13,270.40000000000003,3
13243,203,58,600.07,3
13244,93,27,121.74000000000001,0
13245,51,16,430.5,0
13246,18,141,1987.3,0
13247,18,25,501.12,0
13248,125,26,465.68,3
13249,92,23,711.41,0
13253,157,36,1030.4,3
13255,9,13,399.51,0
13258,12,38,698.58,0
13259,62,87,292.32,0
13260,61,8,557.62,0
13261,269,9,944.1,2
13262,263,11,200.29,2
13263,1,1677,7454.07,0
13265,53,91,2107.66,0
13266,11,187,3834.2599999999998,0
13267,3,211,4521.49,0
13268,18,440,3214.69,0
13269,1,316,5346.2300000000005,0
13270,366,1,590.0,2
13271,37,96,217.38,0
13272,31,15,276.56,0
13273,113,16,138.98,3
13276,64,30,590.9300000000001,0
13277,16,8,258.4,0
13278,41,46,542.73,0
13279,78,9,137.75,0
13280,122,85,814.86,3
13282,18,37,1132.14,0
13283,60,7,93.66,0
13284,331,13,201.19,2
13285,23,187,2709.12,0
13291,156,42,361.11,3
13292,39,31,578.9399999999999,0
13294,190,54,873.74,3
13295,360,10,201.20000000000002,2
13296,137,5,87.4,3
13297,8,59,2089.85,0
13298,1,2,360.0,0
13299,268,5,142.5,2
13300,169,20,371.89,3
13301,104,81,618.09,3
13302,155,1,63.75,3
13304,351,21,300.42,2
13305,4,81,2000.86,0
13307,120,1,15.0,3
13308,23,54,1385.51,0
13309,7,107,1456.79,0
13310,28,72,1132.03,0
13311,4,26,598.57,0
13313,22,78,1555.32,0
13314,2,62,775.94,0
13316,37,87,5977.7300000000005,0
13317,66,124,2273.68,0
13318,1,20,640.76,0
13319,5,476,10845.550000000001,0
13320,78,106,1548.7,0
13321,72,11,567.36,0
13322,17,25,199.48000000000002,0
13323,3,21,787.85,0
13324,36,75,7121.95,0
13325,82,12,675.3,0
13327,39,108,3627.77,0
13328,316,17,1308.48,2
13329,32,17,789.0,0
13330,93,53,1140.93,0
13332,14,21,350.9,0
13334,82,268,3536.82,0
13336,77,51,795.12,0
13338,158,19,487.02,3
13339,201,54,860.12,3
13340,45,134,10736.48,0
13341,261,42,775.85,2
13343,178,19,353.43,3
13344,68,119,2543.72,0
13345,288,20,389.5,2
13347,70,8,341.36,0
13348,64,14,233.76,0
13349,11,16,247.32,0
13350,16,40,979.12,0
13351,66,16,373.94,0
13352,60,24,397.97999999999996,0
13354,71,51,743.53,0
13355,122,32,674.7,3
13356,80,42,768.24,0
13357,257,90,609.95,2
13358,269,29,439.03,2
13359,64,23,439.56,0
13362,9,166,3090.7400000000002,0
13363,18,60,992.5,0
13364,71,10,134.95999999999998,0
13365,34,128,2225.37,0
13366,50,1,56.160000000000004,0
13368,257,29,623.4,2
13369,366,14,308.28000000000003,2
13370,372,39,754.87,2
13372,90,23,378.64,0
13373,61,158,3312.25,0
13375,89,37,778.65,0
13376,99,53,1019.76,3
13379,26,97,572.56,0
13381,32,172,3639.31,0
13382,281,15,222.99,2
13384,31,152,4151.93,0
13385,330,35,534.57,2
13388,131,35,677.1,3
13389,11,51,797.96,0
13390,75,13,544.08,0
13391,204,1,59.8,3
13394,2,155,2520.02,0
13395,185,21,307.72,3
13396,29,43,1360.99,0
13397,73,38,1544.13,0
13398,192,26,457.34,3
13402,127,39,621.23,3
13403,18,3,75.0,0
13404,1,11,252.49,0
13405,74,27,572.451,0
13408,2,478,28117.04,0
13410,24,28,1003.06,0
13411,107,18,213.55,3
13414,134,24,1390.5,3
13416,44,19,712.5,0
13417,5,28,640.83,0
13418,12,304,6127.43,0
13419,64,16,221.06,0
13420,150,8,159.85,3
13421,40,104,1851.08,0
13422,64,127,2626.3,0
13425,108,78,1624.21,3
13426,1,157,3641.32,0
13427,19,29,582.6,0
13428,10,74,218.47,0
13429,11,67,1006.8,0
13430,19,49,679.45,0
13431,67,46,1269.1,0
13434,74,10,534.24,0
13435,5,101,3809.8900000000003,0
13436,2,12,196.89,0
13437,14,167,3408.06,0
13439,255,54,283.71,2
13441,92,13,296.64,0
13447,23,59,1129.14,0
13448,17,195,3539.37,0
13449,24,19,291.88,0
13450,27,71,2043.7199999999998,0
13451,26,443,2976.15,0
13452,259,2,590.0,2
13453,166,17,356.97999999999996,3
13455,25,46,1058.34,0
13456,18,63,1766.72,0
13458,7,382,9646.57,0
13460,29,17,183.44,0
13461,39,27,1445.0,0
13462,253,9,151.5,2
13464,58,41,674.68,0
13466,184,17,307.9,3
13467,11,99,1083.71,0
13468,2,302,5704.97,0
13470,99,10,165.0,3
13471,1,260,2531.58,0
13473,61,21,422.64,0
13474,236,64,229.59,2
13475,191,86,1431.78,3
13476,179,58,1238.47,3
13477,38,79,1454.58,0
13479,201,15,300.95,3
13481,46,109,1804.56,0
13482,232,11,184.64,2
13483,66,10,140.34,0
13484,241,8,313.8,2
13485,233,23,454.24,2
13486,78,69,1122.41,0
13487,58,34,575.4,0
13488,17,422,8968.31,0
13489,105,14,449.52,3
13491,52,86,1215.82,0
13492,136,50,1269.84,3
13493,275,8,618.63,2
13494,312,18,316.26000000000005,2
13495,8,48,2044.8700000000001,0
13496,11,35,653.33,0
13497,283,19,348.05,2
13499,18,42,1159.11,0
13500,23,65,1166.77,0
13501,288,52,1340.32,2
13502,17,18,292.0,0
13503,71,17,216.85,0
13504,64,22,295.93,0
13505,73,215,4393.63,0
13506,316,26,458.52,2
13507,3,162,2479.16,0
13508,244,12,110.97,2
13509,9,44,979.72,0
13510,1,115,1791.56,0
13512,261,15,251.21,2
13513,127,10,205.1,3
13514,74,4,152.20000000000002,0
13515,73,59,891.12,0
13516,21,44,1389.41,0
13517,60,141,2128.42,0
13518,86,38,659.4399999999999,0
13519,78,8,122.75,0
13520,59,93,3624.35,0
13521,1,436,1093.65,0
13522,30,5,125.80000000000001,0
13523,33,172,3964.88,0
13524,41,27,680.1800000000001,0
13525,15,6,628.78,0
13527,34,223,2287.51,0
13529,79,15,307.76,0
13531,205,22,483.8,3
13532,34,66,210.31,0
13533,183,76,270.79,3
13534,2,296,5870.08,0
13536,1,179,3448.29,0
13538,43,25,1280.85,0
13539,86,37,631.34,0
13544,40,87,291.41,0
13546,12,98,626.99,0
13548,96,124,682.41,3
13549,26,51,918.2,0
13551,319,4,91.80000000000001,2
13552,66,109,3740.07,0
13555,74,136,4149.28,0
13557,28,34,584.06,0
13558,6,175,605.06,0
13560,7,33,174.37,0
13561,216,14,141.85999999999999,3
13562,82,82,1799.33,0
13563,84,49,777.53,0
13564,144,83,1749.02,3
13565,19,38,240.22,0
13566,41,176,874.71,0
13568,173,44,192.85,3
13569,17,85,373.75,0
13570,243,27,239.49,2
13571,13,341,2092.32,0
13572,206,33,1384.25,3
13573,50,26,294.4,0
13575,23,46,732.0699999999999,0
13576,10,126,6717.34,0
13577,25,83,1687.6000000000001,0
13579,15,23,467.04,0
13581,309,10,118.0,2
13583,156,53,781.03,3
13584,307,24,142.4,2
13587,64,8,712.4,0
13588,16,174,2478.95,0
13589,15,21,379.65,0
13590,11,87,1981.92,0
13591,65,58,1117.13,0
13592,36,16,247.95999999999998,0
13593,108,128,2037.0800000000002,3
13594,53,26,396.97,0
13596,6,166,697.04,0
13598,47,40,180.17000000000002,0
13599,1,247,5153.67,0
13600,312,19,219.52,2
13601,45,99,693.32,0
13602,65,23,428.89,0
13603,26,27,164.34,0
13606,29,43,280.53999999999996,0
13607,40,98,678.01,0
13610,12,226,1131.88,0
13611,89,74,1171.8,0
13614,24,201,1610.46,0
13615,319,23,417.69,2
13617,40,44,544.18,0
13618,174,13,177.34,3
13621,117,19,213.85,3
13623,31,81,747.78,0
13626,253,19,257.23,2
13627,59,92,1638.47,0
13629,23,59,7792.36,0
13630,5,71,2031.78,0
13631,100,11,3070.42,3
13632,25,146,2121.27,0
13634,33,188,1575.16,0
13635,68,62,1071.03,0
13636,37,63,949.12,0
13637,52,101,810.5,0
13638,16,8,122.64,0
13639,74,40,1033.34,0
13642,216,66,354.8,3
13643,31,28,519.44,0
13644,16,146,2624.26,0
13645,120,5,252.1,3
13647,10,79,1678.1200000000001,0
13649,257,23,346.6,2
13650,17,96,1836.34,0
13651,35,6,94.2,0
13652,46,63,1095.08,0
13654,43,166,2707.33,0
13655,114,56,932.97,3
13656,165,49,379.65,3
13657,11,16,382.14,0
13658,10,108,2639.17,0
13659,206,104,1573.2,3
13662,86,53,897.76,0
13663,179,13,189.47,3
13666,60,12,84.65,0
13667,149,87,305.02,3
13668,3,470,6363.59,0
13669,51,9,218.55,0
13670,75,25,349.7,0
13672,301,6,186.39000000000001,2
13673,19,65,396.92,0
13675,151,25,486.82000000000005,3
13678,152,16,232.6,3
13680,1,195,3722.42,0
13681,18,57,827.83,0
13682,187,3,59.5,3
13684,286,30,67.23,2
13685,3,39,3119.44,0
13686,183,8,72.0,3
13689,63,6,910.0,0
13690,59,9,172.25,0
13692,25,53,1488.32,0
13694,4,568,65039.62,0
13695,31,90,2504.13,0
13697,39,12,151.29999999999998,0
13699,155,14,308.58000000000004,3
13700,26,197,2265.12,0
13703,318,1,99.5,2
13704,5,134,2308.06,0
13705,8,28,711.86,0
13706,303,20,330.79,2
13707,267,48,806.41,2
13708,271,51,296.88,2
13709,4,336,6328.05,0
13710,32,8,180.48,0
13711,219,13,252.06,3
13712,247,10,228.84,2
13715,281,105,1079.34,2
13716,269,21,138.28,2
13717,32,102,1445.01,0
13718,246,12,306.55,2
13719,15,60,1041.68,0
13720,117,43,799.9,3
13721,36,28,524.14,0
13722,132,85,2375.41,3
13723,217,6,199.85000000000002,3
13725,50,104,1980.56,0
13726,39,42,1079.6599999999999,0
13727,29,20,333.48,0
13728,37,63,1016.14,0
13730,136,43,752.6,3
13731,219,38,610.59,3
13732,28,33,491.86,0
13735,25,196,2885.2400000000002,0
13736,5,191,731.9,0
13737,200,30,339.59999999999997,3
13739,18,3,216.9,0
13740,241,23,350.75,2
13741,72,34,668.4300000000001,0
13742,17,321,3131.02,0
13743,3,41,1341.6,0
13744,95,72,1156.36,0
13745,162,25,300.04,3
13747,374,1,79.6,2
13748,96,28,948.25,3
13750,54,24,1647.26,0
13751,288,9,296.25,2
13752,124,76,1186.28,3
13753,288,35,741.26,2
13754,152,12,282.59999999999997,3
13755,4,342,2161.35,0
13756,2,142,5189.52,0
13758,12,117,3190.55,0
13759,33,25,659.4100000000001,0
13760,54,57,286.79,0
13761,50,70,1070.65,0
13762,219,7,306.72,3
13763,63,15,1714.96,0
13764,71,208,1521.76,0
13767,2,368,17220.36,0
13769,2,135,2796.51,0
13771,64,119,2634.45,0
13772,34,177,1132.13,0
13774,82,22,345.0,0
13777,1,197,25977.16,0
13778,103,9,178.7,3
13780,7,57,360.01,0
13781,251,17,127.84,2
13782,13,115,912.0,0
13784,10,31,2462.79,0
13786,367,7,230.39999999999998,2
13787,76,31,309.04,0
13790,4,45,348.8,0
13791,128,11,1516.0,3
13792,66,13,195.55,0
13798,1,349,37153.85,0
13799,117,39,688.86,3
13800,310,33,558.32,2
13801,67,23,324.8,0
13802,139,60,4599.42,3
13803,255,17,277.07,2
13804,31,137,2635.79,0
13805,52,13,924.6,0
13806,64,10,256.38,0
13807,367,7,112.6,2
13808,6,76,1747.66,0
13809,305,12,155.05,2
13810,29,35,1499.01,0
13811,184,13,814.5,3
13812,42,36,539.0,0
13813,40,69,1366.8600000000001,0
13814,92,57,1579.12,0
13815,22,176,4027.36,0
13816,24,28,571.6700000000001,0
13817,29,24,382.98,0
13819,302,36,1140.35,2
13821,145,59,385.64,3
13822,6,96,632.0,0
13823,19,40,957.66,0
13824,33,46,1698.94,0
13826,176,10,189.5,3
13827,58,93,412.05,0
13828,22,15,209.49,0
13831,16,74,2202.99,0
13832,19,3,52.199999999999996,0
13833,159,29,384.8,3
13835,25,55,834.57,0
13837,212,19,271.24,3
13838,6,174,691.73,0
13841,253,1,85.0,2
13842,59,206,3385.62,0
13844,11,20,361.62,0
13845,65,9,312.98,0
13846,25,55,865.0600000000001,0
13848,92,5,1255.0,0
13849,52,101,1537.95,0
13850,129,93,1595.48,3
13851,96,81,2651.46,0
13853,57,23,1090.14,0
13854,9,110,8109.5199999999995,0
13856,169,14,388.5,3
13858,57,11,216.17,0
13859,326,28,201.16,2
13860,1,76,1245.9,0
13862,18,139,2209.36,0
13863,248,20,305.78,2
13865,58,30,501.56,0
13866,74,7,145.67000000000002,0
13867,31,61,1015.29,0
13868,7,33,3192.54,0
13869,123,307,3104.95,3
13870,2,115,2770.94,0
13871,23,336,6403.25,0
13873,120,23,389.6,3
13874,358,18,540.45,2
13875,54,104,1786.79,0
13876,64,7,122.7,0
13877,86,3,117.24,0
13878,55,36,1281.53,0
13880,21,165,3219.77,0
13881,4,178,17159.52,0
13882,3,65,1191.13,0
13883,11,142,2674.48,0
13884,7,59,787.6,0
13885,189,28,506.8,3
13886,71,16,243.56,0
13887,204,19,349.55,3
13888,120,40,605.63,3
13889,93,15,416.90000000000003,0
13890,1,110,1883.8100000000002,0
13892,27,27,632.97,0
13893,298,21,821.1,2
13894,24,27,564.62,0
13895,28,118,2593.07,0
13897,50,17,311.16,0
13898,326,12,155.93,2
13899,16,19,388.52,0
13900,183,43,740.95,3
13901,72,149,2867.2,0
13904,37,26,332.64,0
13908,80,122,2369.55,0
13911,57,148,2580.91,0
13914,12,33,626.45,0
13917,50,18,272.04,0
13918,50,30,1212.8400000000001,0
13919,59,28,384.81,0
13922,352,7,172.25,2
13923,54,20,351.13,0
13924,2,117,1838.8500000000001,0
13925,93,41,678.25,0
13926,23,11,223.85000000000002,0
13927,75,21,348.99,0
13928,11,27,464.57,0
13929,169,9,842.65,3
13930,58,17,337.34,0
13931,96,58,1237.53,3
13932,295,16,307.4,2
13933,109,23,608.7900000000001,3
13934,264,31,922.1,2
13936,180,26,376.58,3
13937,169,9,158.85,3
13938,35,7,71.66,0
13939,23,45,568.55,0
13940,17,49,839.14,0
13941,22,45,5112.96,0
13946,79,11,561.5699999999999,0
13947,65,5,90.6,0
13948,361,3,102.0,2
13949,3,160,2427.32,0
13950,11,35,745.06,0
13951,176,39,674.45,3
13952,218,137,3251.071,3
13953,7,20,3515.68,0
13954,2,25,439.92,0
13955,154,33,322.96,3
13956,5,152,1026.42,0
13959,79,92,598.2,0
13960,21,12,230.22,0
13962,22,11,169.55,0
13963,308,35,664.54,2
13967,146,2,80.7,3
13969,7,626,9053.94,0
13971,19,149,2758.26,0
13972,71,15,190.25,0
13973,287,11,264.7,2
13974,49,28,413.59000000000003,0
13975,31,338,2526.28,0
13976,207,10,357.98,3
13978,15,15,196.79000000000002,0
13979,73,54,869.87,0
13980,60,11,200.14,0
13982,39,111,1871.81,0
13983,30,107,2603.43,0
13984,27,16,920.51,0
13985,4,349,7060.13,0
13986,17,13,320.46,0
13988,20,234,4147.96,0
13989,66,41,1266.08,0
13990,213,16,311.3,3
13991,12,84,855.97,0
13992,30,5,76.8,0
13993,43,121,3466.36,0
13994,4,155,2313.14,0
13995,15,86,1393.69,0
13999,10,208,3901.81,0
14000,211,15,635.66,3
14001,46,39,2043.0800000000002,0
14002,134,47,529.73,3
14004,43,171,4582.64,0
14005,10,84,2874.72,0
14006,116,30,962.19,3
14009,198,42,695.61,3
14012,278,11,328.8,2
14013,110,34,473.02,3
14014,77,39,505.18,0
14015,53,20,917.34,0
14016,162,161,4341.21,3
14019,47,66,1421.61,0
14020,17,39,642.8,0
14021,155,22,631.9,3
14022,225,28,440.0,3
14023,7,31,584.07,0
14024,122,16,327.7,3
14027,61,6,104.82,0
14029,63,15,467.66,0
14030,18,243,2360.09,0
14031,7,250,17286.86,0
14032,2,143,2975.59,0
14034,22,89,651.8199999999999,0
14035,29,66,1428.02,0
14036,285,38,626.65,2
14037,176,28,147.20000000000002,3
14038,78,92,1560.38,0
14039,33,6,152.2,0
14040,41,235,3614.92,0
14041,266,21,141.41,2
14044,27,209,652.82,0
14045,109,6,1659.75,3
14046,284,14,154.99,2
14047,9,32,1308.6100000000001,0
14048,305,85,409.93,2
14049,17,488,5681.72,0
14050,32,54,746.36,0
14051,1,210,15610.390000000001,0
14052,20,56,225.36,0
14053,124,4,260.25,3
14054,65,6,92.46,0
14055,106,10,725.6400000000001,3
14056,1,1106,8214.65,0
14057,24,284,6217.96,0
14059,267,8,183.6,2
14060,5,202,6140.42,0
14062,10,111,10464.85,0
14064,29,80,1353.74,0
14066,267,7,152.55,2
14067,64,52,374.7,0
14068,320,24,265.85,2
14071,4,324,1438.82,0
14073,32,13,151.04,0
14075,5,43,942.26,0
14076,129,46,122.47,3
14077,41,42,499.41999999999996,0
14078,102,65,1049.37,3
14079,125,12,375.1,3
14080,33,4,45.599999999999994,0
14081,302,153,934.52,2
14082,365,29,182.25,2
14083,4,181,1018.43,0
14085,2,450,4448.54,0
14087,3,69,194.42,0
14088,10,589,50491.81,0
14089,57,14,161.0,0
14090,325,1,76.32000000000001,2
14092,8,214,4076.91,0
14093,12,105,442.85,0
14096,4,5111,65164.79,0
14098,37,21,147.35,0
14099,16,250,3104.17,0
14100,138,26,194.9,3
14101,74,35,5976.79,0
14102,5,79,1360.28,0
14104,155,21,216.20999999999998,3
14105,239,74,1266.23,2
14107,52,123,2703.23,0
14108,31,34,597.91,0
14109,73,9,144.2,0
14110,4,155,5683.15,0
14111,14,10,692.85,0
14112,23,160,2915.15,0
14113,4,34,1840.42,0
14114,274,15,386.53,2
14116,20,72,1382.74,0
14117,144,3,90.0,3
14121,4,159,2780.15,0
14124,84,5,419.58000000000004,0
14125,11,167,2740.43,0
14126,8,15,706.1300000000001,0
14127,123,44,709.71,3
14128,61,46,637.5,0
14129,2,52,1123.8600000000001,0
14130,319,67,483.86,2
14132,2,200,3586.0299999999997,0
14133,130,28,605.64,3
14135,2,134,4690.31,0
14138,2,47,982.3800000000001,0
14139,46,26,415.82,0
14140,4,66,935.05,0
14141,3,40,915.13,0
14142,373,22,311.81,2
14143,134,7,115.8,3
14145,47,11,3742.2,0
14146,9,210,4191.0,0
14147,78,5,483.4,0
14148,234,3,157.2,2
14149,221,28,446.62,3
14150,36,26,658.64,0
14152,75,49,621.29,0
14154,239,52,1345.62,2
14155,266,6,118.75,2
14156,10,1400,117379.63,0
14157,20,48,432.88,0
14158,40,41,507.66,0
14159,20,1204,4693.01,0
14161,216,108,1110.52,3
14162,174,25,289.36,3
14163,87,52,2445.91,0
14164,71,29,1631.77,0
14165,276,25,122.53999999999999,2
14167,39,52,574.84,0
14171,98,58,363.79,3
14173,11,29,450.84,0
14174,33,26,134.46,0
14175,60,149,3222.3,0
14176,297,31,576.9000000000001,2
14177,86,42,559.41,0
14178,9,327,1620.93,0
14179,41,165,719.78,0
14180,11,240,4748.52,0
14184,67,24,452.89,0
14185,331,3,197.65,2
14188,31,65,2054.36,0
14189,2,265,4654.08,0
14191,2,259,4684.76,0
14193,68,42,853.39,0
14194,5,579,11349.52,0
14195,202,7,1012.0,3
14196,107,6,335.52,3
14198,18,39,701.4,0
14199,218,2,185.39999999999998,3
14201,60,37,747.44,0
14204,2,44,161.03,0
14205,17,24,466.7,0
14206,239,20,328.15999999999997,2
14208,95,10,151.74,0
14209,11,87,2073.43,0
14210,106,102,1905.8400000000001,3
14211,53,112,2241.1,0
14212,90,9,1070.48,0
14214,31,67,1004.38,0
14215,12,108,1789.72,0
14216,3,59,1839.3,0
14217,2,100,2004.98,0
14218,43,12,169.48000000000002,0
14219,4,7,89.94,0
14220,247,21,632.4,2
14221,42,193,3432.8,0
14222,177,41,683.17,3
14223,92,60,991.13,0
14224,110,118,1050.12,3
14226,29,67,2232.19,0
14227,26,175,3350.96,0
14229,52,40,1547.2,0
14231,184,50,925.71,3
14232,43,115,2048.07,0
14233,49,35,1462.72,0
14234,22,159,775.46,0
14235,75,79,3144.86,0
14236,81,15,490.86,0
14237,373,9,161.0,2
14238,326,8,146.85,2
14239,43,112,2380.85,0
14240,30,42,890.34,0
14241,184,10,213.70000000000002,3
14242,235,16,280.55,2
14243,9,141,2588.77,0
14245,220,108,1693.45,3
14246,111,75,1474.06,3
14247,278,20,136.76999999999998,2
14248,318,8,302.58,2
14250,7,111,1904.05,0
14251,2,78,2879.7000000000003,0
14256,260,53,969.0600000000001,2
14257,64,106,3099.7200000000003,0
14258,9,111,12669.98,0
14259,142,5,120.0,3
14261,51,52,1163.45,0
14262,8,143,2618.23,0
14264,155,17,333.97,3
14265,109,31,530.18,3
14267,163,55,1516.24,3
14270,332,29,492.65000000000003,2
14271,226,10,112.32,3
14272,74,33,437.96,0
14273,51,29,559.97,0
14276,99,64,1119.74,3
14277,15,225,4216.2,0
14280,197,8,134.04,3
14282,3,156,3729.34,0
14284,31,32,595.25,0
14285,21,27,1910.01,0
14286,24,280,4628.75,0
14287,8,9,176.63,0
14288,213,16,426.6,3
14289,9,47,911.26,0
14290,11,101,2314.65,0
14291,2,237,3883.25,0
14292,8,100,4871.93,0
14293,3,61,1046.56,0
14295,40,5,166.20000000000002,0
14297,18,62,1305.33,0
14298,8,1637,51527.3,0
14299,8,143,3965.62,0
14300,19,3,43.2,0
14301,117,13,640.14,3
14304,223,17,383.45,3
14305,71,105,1858.96,0
14306,51,33,2093.32,0
14307,89,180,2995.72,0
14309,8,117,2352.53,0
14311,243,20,310.26,2
14312,47,87,1611.59,0
14314,107,8,120.0,3
14315,45,101,2481.13,0
14317,65,24,508.58000000000004,0
14320,207,31,477.79,3
14321,11,123,1530.75,0
14323,115,36,605.0600000000001,3
14326,242,8,183.85,2
14327,163,12,311.65,3
14329,17,259,5014.84,0
14331,124,28,462.65999999999997,3
14332,23,26,866.31,0
14333,68,15,415.2,0
14334,17,162,2552.21,0
14335,16,63,468.26,0
14336,17,90,1614.91,0
14338,161,31,588.22,3
14339,243,14,309.52,2
14340,219,6,134.7,3
14341,45,129,2182.28,0
14342,21,21,668.5600000000001,0
14344,127,71,889.9300000000001,3
14345,39,6,108.97999999999999,0
14346,121,60,1021.58,3
14348,260,18,409.57,2
14349,10,31,133.5,0
14350,274,18,282.93,2
14351,165,1,51.0,3
14352,157,47,1078.96,3
14353,215,6,90.6,3
14354,6,9,163.62,0
14355,366,11,174.4,2
14356,80,33,701.23,0
14357,43,41,225.77,0
14359,19,55,912.18,0
14360,32,118,2128.23,0
14362,22,41,161.2,0
14364,109,69,3717.35,3
14367,8,524,9261.52,0
14368,320,8,155.0,2
14371,295,4,100.5,2
14373,358,4,76.55,2
14375,185,75,257.68,3
14377,191,11,617.05,3
14379,44,46,348.1,0
14381,52,56,202.68,0
14382,26,131,626.0699999999999,0
14383,38,59,1247.69,0
14385,9,14,202.11,0
14386,297,7,142.4,2
14387,33,140,1770.56,0
14388,10,186,3212.84,0
14389,65,45,1043.46,0
14390,10,286,4652.82,0
14393,218,5,67.95,3
14395,2,350,3507.71,0
14396,65,73,487.99,0
14397,3,87,2612.96,0
14400,149,25,574.7,3
14401,4,182,4051.48,0
14403,130,20,1475.81,3
14404,34,103,1474.32,0
14406,119,8,156.75,3
14407,107,73,2157.73,3
14408,11,107,2606.53,0
14409,71,54,2059.4500000000003,0
14410,92,193,1105.07,0
14411,311,14,1063.0,2
14412,43,43,770.03,0
14413,362,23,122.7,2
14414,92,97,1496.98,0
14415,1,590,5900.28,0
14416,22,14,490.22,0
14418,4,124,1937.25,0
14419,11,206,1058.06,0
14420,99,29,387.52,3
14421,57,27,813.11,0
14422,1,222,4263.64,0
14423,218,3,265.2,3
14424,18,1,322.08,0
14426,24,224,4481.67,0
14427,50,17,363.34000000000003,0
14428,7,144,1244.83,0
14431,303,17,470.36,2
14432,10,382,2255.51,0
14434,22,12,1372.8,0
14436,99,9,89.06,3
14437,366,5,63.0,2
14438,306,9,131.9,2
14439,320,32,2661.24,2
14440,8,55,2357.6800000000003,0
14441,1,51,1712.89,0
14442,205,63,1589.82,3
14443,54,93,1420.2,0
14446,1,293,1039.58,0
14447,19,70,1163.23,0
14448,9,20,375.35,0
14449,19,258,907.1,0
14450,181,40,483.25,3
14451,60,109,662.59,0
14452,11,62,264.44,0
14453,190,22,119.93,3
14456,5,970,3062.4,0
14457,311,4,113.64,2
14459,155,37,1837.92,3
14460,110,16,434.34,3
14461,148,180,2103.06,3
14462,66,240,2004.02,0
14463,98,6,529.62,3
14465,247,130,1058.6200000000001,2
14466,29,72,2272.4,0
14467,18,90,598.76,0
14470,12,43,461.19,0
14472,104,281,1936.84,3
14473,74,7,234.34000000000003,0
14474,46,29,547.66,0
14475,72,42,925.85,0
14476,257,19,215.7,2
14477,20,10,1309.6,0
14479,254,18,316.25,2
14480,11,13,279.05,0
14481,165,30,636.51,3
14482,18,144,2068.15,0
14483,282,9,137.1,2
14484,50,14,321.92,0
14485,39,47,165.75,0
14487,27,144,1196.33,0
14488,68,46,1064.28,0
14489,207,30,463.38,3
14491,175,17,340.93,3
14493,7,120,2383.2400000000002,0
14494,26,7,139.56,0
14495,51,6,123.8,0
14496,312,19,538.8100000000001,2
14497,309,29,475.37,2
14498,43,193,1957.32,0
14499,26,194,815.32,0
14500,88,7,356.85,0
14501,184,10,251.21,3
14502,20,624,2470.67,0
14503,3,164,3543.26,0
14504,47,107,673.26,0
14505,17,799,5905.64,0
14506,17,316,2012.17,0
14507,24,96,1383.18,0
14508,22,57,276.42,0
14511,11,68,1314.81,0
14512,188,23,275.28,3
14513,101,12,455.59000000000003,3
14514,61,73,1055.35,0
14515,18,101,2102.09,0
14517,33,18,330.45,0
14518,64,16,174.37,0
14520,2,4,270.6,0
14522,24,17,974.54,0
14523,108,12,241.09,3
14524,32,203,1867.68,0
14525,20,291,4332.2,0
14527,3,972,8508.82,0
14528,37,18,364.21999999999997,0
14529,60,229,620.04,0
14530,26,216,2925.91,0
14532,236,64,932.85,2
14533,25,62,1949.72,0
14534,3,519,4447.05,0
14535,60,330,2864.19,0
14536,260,19,171.8,2
14537,58,10,355.56,0
14538,65,19,388.25,0
14539,16,32,537.48,0
14540,10,76,996.26,0
14541,59,111,1461.65,0
14542,186,5,103.25,3
14543,29,72,3630.33,0
14544,24,114,2024.45,0
14546,5,399,2578.09,0
14547,4,366,4007.54,0
14548,151,4,652.8,3
14549,311,56,289.24,2
14550,11,48,765.62,0
14551,18,10,186.23,0
14552,152,58,165.07,3
14553,19,113,859.27,0
14554,10,216,2381.04,0
14555,57,21,324.14,0
14557,85,16,788.38,0
14560,7,74,2237.77,0
14561,76,69,1080.76,0
14562,4,423,5074.77,0
14565,96,127,3099.12,0
14566,111,4,1432.0,3
14567,57,33,1530.3600000000001,0
14569,1,12,227.39,0
14570,281,29,218.06,2
14572,3,270,2832.84,0
14573,180,235,1653.42,3
14576,372,1,35.400000000000006,2
14577,13,123,859.71,0
14578,3,24,168.63,0
14581,17,17,138.6,0
14582,41,6,114.11,0
14583,6,330,1052.55,0
14584,169,100,1042.26,3
14585,50,29,157.05,0
14586,277,19,237.36,2
14587,19,383,1601.14,0
14589,372,3,39.75,2
14591,15,197,1447.14,0
14592,35,164,570.46,0
14593,22,152,617.99,0
14594,7,53,379.83,0
14595,20,102,1740.6,0
14597,11,55,883.15,0
14598,44,50,221.97,0
14600,306,25,393.33000000000004,2
14601,11,7,213.96,0
14603,275,2,660.0,2
14606,1,2700,12156.65,0
14607,16,86,16569.5,0
14608,4,20,1785.15,0
14609,72,4,601.56,0
14616,243,3,406.08000000000004,2
14618,9,16,553.44,0
14619,246,20,394.44,2
14620,206,26,412.78000000000003,3
14621,1,92,1788.3600000000001,0
14622,185,21,320.58000000000004,3
14623,32,134,889.25,0
14624,57,13,225.85,0
14625,196,53,899.63,3
14626,24,122,2791.27,0
14628,91,24,671.96,0
14629,4,152,959.01,0
14631,51,41,1006.98,0
14632,263,8,114.56,2
14633,266,20,344.90000000000003,2
14636,36,28,609.85,0
14638,51,16,443.6,0
14639,52,172,2984.49,0
14640,24,106,2125.08,0
14641,22,7,110.46,0
14642,59,2,96.12,0
14643,170,31,693.8100000000001,3
14644,68,26,830.76,0
14645,157,30,597.09,3
14646,2,2076,280206.02,0
14647,201,30,243.22,3
14649,5,199,1417.29,0
14651,67,102,654.6,0
14652,77,29,114.18,0
14653,1,237,1947.55,0
14655,8,49,1932.23,0
14656,169,80,291.05,3
14657,18,126,848.22,0
14658,5,29,247.15,0
14659,9,253,2529.93,0
14660,87,30,285.74,0
14661,27,4,107.95,0
14662,29,168,771.17,0
14664,20,99,637.89,0
14665,61,90,1835.7,0
14666,24,14,195.25,0
14667,11,573,9241.2,0
14669,242,170,1269.99,2
14670,280,132,411.53,2
14672,235,61,765.55,2
14673,3,74,1736.4,0
14675,16,102,604.75,0
14676,31,42,2548.2400000000002,0
14680,25,258,28754.11,0
14681,71,7,498.95,0
14682,188,2,52.0,3
14684,26,421,1236.28,0
14687,107,15,628.38,3
14688,8,327,5630.87,0
14689,209,13,112.8,3
14690,44,50,371.7,0
14691,31,71,2114.33,0
14692,137,68,591.55,3
14693,265,8,172.9,2
14696,4,130,2078.95,0
14697,218,22,188.60999999999999,3
14698,2,210,1250.76,0
14699,214,8,109.13000000000001,3
14700,32,115,2235.3,0
14701,11,335,2549.37,0
14702,1,347,3292.14,0
14703,15,22,318.17,0
14704,11,415,1546.91,0
14705,199,1,179.0,3
14708,3,28,1126.37,0
14709,15,196,4921.04,0
14710,14,139,606.13,0
14711,10,357,2868.8,0
14712,29,25,917.07,0
14713,9,339,2666.36,0
14714,24,10,160.19,0
14715,25,71,867.38,0
14716,43,55,329.68,0
14719,2,237,1602.13,0
14720,6,37,663.81,0
14722,147,29,187.92000000000002,3
14723,10,278,1158.3,0
14725,25,52,718.08,0
14727,274,10,268.58,2
14729,374,71,313.49,2
14730,1,501,2005.06,0
14731,47,45,380.02,0
14732,8,147,2702.4900000000002,0
14733,16,202,9585.91,0
14735,4,194,6065.69,0
14737,4,17,1164.55,0
14738,43,54,1314.45,0
14739,4,60,3902.28,0
14740,197,89,1448.21,3
14741,12,59,1400.34,0
14744,16,26,1099.98,0
14745,113,69,1220.26,3
14747,249,18,328.2,2
14748,29,89,1415.75,0
14752,44,5,389.64,0
14753,87,30,563.15,0
14754,45,41,638.05,0
14755,10,235,5010.28,0
14756,15,38,738.96,0
14757,75,19,420.5,0
14758,145,71,1484.06,3
14759,5,102,1625.97,0
14760,297,5,89.2,2
14761,59,11,255.9,0
14762,264,21,300.52,2
14764,47,6,278.3,0
14765,29,39,254.11,0
14766,8,135,2473.37,0
14768,17,5,192.60000000000002,0
14769,3,1090,10674.75,0
14770,232,52,876.42,2
14772,112,9,139.26,3
14775,58,60,1011.9,0
14776,51,117,2538.3,0
14778,127,35,730.86,3
14779,281,41,386.15,2
14780,55,27,447.68,0
14782,320,6,200.10000000000002,2
14784,26,15,289.99,0
14785,10,3,77.4,0
14788,7,30,679.4399999999999,0
14789,29,6,197.64,0
14790,17,46,745.06,0
14792,64,2,6.2,0
14793,21,14,228.99,0
14794,3,80,1319.91,0
14795,166,6,131.45000000000002,3
14796,1,1141,8022.49,0
14798,53,12,173.74,0
14799,51,13,157.7,0
14800,48,385,4339.74,0
14801,61,59,193.14,0
14803,162,44,845.55,3
14804,9,12,353.27,0
14805,15,47,554.65,0
14806,75,11,193.39000000000001,0
14808,40,235,2741.17,0
14810,41,255,2087.88,0
14813,370,30,155.43,2
14815,37,53,778.5,0
14816,197,4,271.85,3
14817,200,63,1110.34,3
14818,74,48,657.8,0
14819,64,13,272.07,0
14820,21,29,507.29,0
14821,367,2,48.800000000000004,2
14823,180,70,321.43,3
14824,10,29,1127.71,0
14825,4,121,2226.91,0
14828,197,17,2139.76,3
14829,29,42,697.55,0
14830,53,40,197.13,0
14834,18,67,1720.3,0
14836,10,6,102.44999999999999,0
14837,90,108,1649.5,0
14840,268,4,62.85,2
14841,53,138,3295.76,0
14842,44,145,2824.69,0
14844,64,130,3189.81,0
14847,149,13,309.4,3
14849,22,388,7930.54,0
14850,312,21,325.75,2
14851,23,28,511.35,0
14852,58,143,2836.69,0
14853,24,9,475.8,0
14854,78,127,2759.83,0
14855,119,20,645.65,3
14856,36,66,1311.3799999999999,0
14857,60,60,1173.12,0
14859,13,58,1353.74,0
14860,19,11,170.32,0
14861,52,6,125.79,0
14862,26,48,841.1999999999999,0
14863,29,11,266.76,0
14865,7,4,52.2,0
14866,11,99,14389.9,0
14867,186,36,710.28,3
14868,3,144,2953.59,0
14869,9,71,725.7,0
14870,262,13,327.25,2
14871,3,98,522.38,0
14873,210,28,519.68,3
14875,108,47,1465.3200000000002,3
14878,13,124,1485.54,0
14880,77,47,706.19,0
14881,20,17,255.4,0
14882,27,11,589.7,0
14883,19,53,761.59,0
14885,132,15,765.3199999999999,3
14886,253,18,364.8,2
14887,79,6,1862.0,0
14888,207,20,369.2,3
14889,336,10,135.9,2
14890,254,7,125.65,2
14891,148,33,554.38,3
14893,10,73,1237.8500000000001,0
14894,85,23,655.75,0
14895,8,498,11138.710000000001,0
14896,205,43,468.77000000000004,3
14897,8,55,1366.38,0
14898,23,116,1303.52,0
14901,11,96,1421.29,0
14902,26,20,332.66,0
14903,21,355,2810.63,0
14904,2,69,1025.44,0
14905,158,17,616.15,3
14907,3,165,3501.1,0
14908,74,9,277.8,0
14910,3,30,434.35,0
14911,1,5675,143825.06,0
14912,17,27,867.85,0
14913,36,87,1227.43,0
14915,91,12,307.48,0
14916,71,77,1268.98,0
14918,116,45,1610.15,3
14920,213,57,977.77,3
14921,30,78,1316.07,0
14923,51,44,749.1,0
14924,246,10,310.05,2
14929,32,11,223.88,0
14930,109,128,2372.86,3
14931,5,41,1257.68,0
14932,366,17,363.53,2
14934,82,87,1890.94,0
14935,297,10,1784.71,2
14936,34,364,8137.02,0
14937,57,34,1621.88,0
14944,30,170,5900.25,0
14946,14,3,100.9,0
14947,72,14,290.82,0
14948,23,63,1101.97,0
14950,19,19,371.2,0
14951,79,20,311.69,0
14952,60,138,8099.49,0
14953,25,55,289.82,0
14954,12,85,336.17,0
14957,253,12,58.49,2
14958,147,42,499.68,3
14959,64,59,695.42,0
14960,8,27,221.27,0
14961,11,312,7044.68,0
14962,271,5,126.7,2
14963,10,198,1487.8,0
14964,247,13,206.21,2
14965,96,83,599.0,3
14966,15,38,191.32,0
14967,50,6,463.8,0
14968,30,37,147.59,0
14970,68,34,1592.06,0
14971,35,160,1116.57,0
14972,128,18,114.77,3
14973,107,32,1314.45,3
14974,37,21,114.39,0
14975,57,11,279.94,0
14976,57,72,790.86,0
14978,72,216,1931.42,0
14981,246,8,102.12,2
14984,19,41,213.27,0
14985,198,87,296.75,3
14987,16,4,326.4,0
14988,212,40,334.54,3
14995,39,61,233.23000000000002,0
14997,46,26,546.1999999999999,0
14998,170,75,429.87,3
15000,48,77,490.52,0
15002,116,115,1641.76,3
15004,147,158,1246.32,3
15005,16,1119,6316.57,0
15006,51,144,502.09,0
15007,159,12,156.91,3
15009,12,182,1261.78,0
15010,36,20,308.94,0
15012,54,128,423.04,0
15014,43,35,260.17,0
15016,173,20,170.04,3
15017,34,20,125.58,0
15018,39,31,496.21000000000004,0
15019,267,70,266.0,2
15021,9,472,1914.82,0
15022,12,135,905.04,0
15023,3,562,6802.76,0
15024,10,155,1661.33,0
15025,33,72,377.01,0
15026,80,61,469.0,0
15027,31,35,1066.1499999999999,0
15028,8,48,627.13,0
15030,72,7,518.28,0
15031,4,111,668.14,0
15032,256,52,4959.1,2
15033,5,510,2586.67,0
15034,16,394,4308.61,0
15035,90,27,252.73000000000002,0
15036,72,127,465.55,0
15038,59,130,705.49,0
15039,10,1502,19914.44,0
15041,170,67,180.35,3
15042,199,5,135.93,3
15043,31,3,537.0,0
15044,19,453,7700.2300000000005,0
15045,152,12,735.66,3
15046,9,206,5213.7699999999995,0
15047,270,22,343.62,2
15048,65,97,384.05,0
15049,274,3,121.17000000000002,2
15050,25,78,1782.09,0
15051,23,143,1391.61,0
15052,319,30,215.78,2
15053,5,71,697.79,0
15054,12,114,302.1,0
15057,275,25,1489.5,2
15058,25,276,2124.9900000000002,0
15059,41,237,1337.72,0
15060,8,121,303.09,0
15061,4,403,54534.14,0
15062,71,57,987.86,0
15063,213,5,370.79999999999995,3
15065,38,155,3158.13,0
15066,53,42,893.59,0
15067,78,82,1744.76,0
15068,46,104,553.36,0
15069,179,70,1109.53,3
15070,373,1,106.2,2
15071,94,26,982.07,0
15073,10,54,1043.41,0
15074,105,42,748.87,3
15075,78,27,773.03,0
15076,173,49,880.85,3
15078,7,440,9743.11,0
15079,213,47,895.61,3
15081,22,33,504.8,0
15083,257,5,88.2,2
15087,282,15,306.94,2
15088,21,57,1160.07,0
15089,10,145,2420.84,0
15090,308,23,381.32,2
15091,68,30,480.71,0
15092,215,26,457.81,3
15093,18,108,4597.02,0
15095,104,47,1370.6,3
15096,43,11,219.39000000000001,0
15097,4,25,248.08,0
15098,182,3,39916.5,3
15099,84,23,410.48,0
15100,334,3,876.0,2
15101,9,8,317.53,0
15103,31,35,703.36,0
15104,197,69,1027.44,3
15105,18,101,2298.93,0
15106,18,100,1422.52,0
15107,311,16,319.5,2
15108,142,60,1300.25,3
15109,246,28,484.95,2
15110,24,35,996.1,0
15111,29,84,1567.48,0
15113,10,100,3609.33,0
15114,30,197,2760.56,0
15115,18,21,340.11,0
15116,18,45,1352.75,0
15117,15,79,1551.78,0
15118,134,1,244.8,3
15119,246,14,266.4,2
15120,134,21,358.82,3
15121,50,28,457.72,0
15122,114,82,1633.78,3
15123,7,106,2199.31,0
15124,23,15,184.19,0
15125,25,127,11528.48,0
15127,66,16,406.53,0
15128,60,102,1471.0,0
15129,50,84,3447.4,0
15130,170,22,330.11,3
15132,18,52,977.9300000000001,0
15133,128,29,982.42,3
15134,15,73,1387.99,0
15135,239,9,139.05,2
15136,3,68,1286.7,0
15139,240,13,178.96,2
15140,52,80,2354.25,0
15142,46,26,498.74,0
15143,226,14,259.45,3
15144,8,217,6580.44,0
15145,4,67,1194.73,0
15146,165,91,1327.16,3
15147,240,28,623.5,2
15148,11,20,301.29,0
15149,134,23,520.8000000000001,3
15150,17,343,5314.47,0
15152,10,271,4745.69,0
15153,31,22,329.25,0
15154,75,85,296.42,0
15156,1,55,961.49,0
15157,4,125,1936.07,0
15158,45,7,401.40000000000003,0
15159,2,710,18641.010000000002,0
15160,357,4,158.16,2
15163,18,29,304.47,0
15164,69,103,843.05,0
15165,373,27,487.75,2
15167,321,41,163.0,2
15168,26,5,106.56,0
15171,331,5,1289.5,2
15172,9,110,1624.05,0
15174,323,11,135.75,2
15175,72,23,224.14,0
15178,260,3,40.5,2
15179,18,93,2206.95,0
15180,367,6,87.5,2
15181,66,16,689.4799999999999,0
15182,154,29,622.85,3
15184,29,63,406.76,0
15185,70,21,310.62,0
15186,14,19,411.41,0
15187,2,91,4777.18,0
15189,1,212,16225.39,0
15192,120,51,1044.32,3
15193,61,19,499.32,0
15194,3,310,7616.53,0
15195,3,1,3861.0,0
15197,11,32,1079.6100000000001,0
15198,92,10,193.64,0
15199,59,13,1268.7,0
15201,87,69,1236.54,0
15203,26,142,1827.8,0
15204,357,9,316.58,2
15205,85,37,653.24,0
15206,10,9,420.29999999999995,0
15208,1,42,870.12,0
15210,225,20,331.18,3
15211,60,52,894.4100000000001,0
15212,241,5,101.8,2
15213,319,24,328.35,2
15214,2,110,1661.44,0
15215,47,35,734.94,0
15216,88,2,96.6,0
15218,11,166,5756.89,0
15219,176,9,305.75,3
15220,52,117,1778.96,0
15221,366,5,403.25,2
15222,319,5,585.0,2
15223,226,20,755.75,3
15224,358,14,322.08,2
15225,234,23,409.40000000000003,2
15226,311,8,154.41,2
15227,37,58,1219.4,0
15228,66,125,3386.71,0
15230,239,23,429.6,2
15232,113,31,612.06,3
15234,277,14,197.0,2
15235,218,143,2247.51,3
15236,299,15,321.05,2
15237,2,99,1412.32,0
15238,29,50,1071.99,0
15239,10,49,780.59,0
15240,45,78,1706.57,0
15241,67,110,1756.44,0
15243,74,22,316.68,0
15244,65,34,631.57,0
15245,134,89,2515.84,3
15246,238,33,514.15,2
15247,122,6,356.0,3
15249,32,350,6688.46,0
15251,9,111,10484.99,0
15252,36,44,740.78,0
15253,16,53,918.1999999999999,0
15254,127,18,300.36,3
15255,67,47,890.85,0
15256,149,6,98.45,3
15257,283,7,317.15,2
15258,169,34,623.16,3
15260,100,77,1810.77,3
15261,135,19,254.82,3
15262,324,10,178.95000000000002,2
15263,107,12,156.51,3
15264,64,23,393.74,0
15265,151,82,1506.1200000000001,3
15266,338,6,119.3,2
15267,22,11,1717.36,0
15269,24,2,408.8,0
15270,16,41,2379.49,0
15271,7,274,2507.07,0
15272,57,63,721.94,0
15274,4,47,716.57,0
15275,38,41,615.14,0
15276,66,52,135.31,0
15277,47,12,255.89999999999998,0
15279,355,19,290.51,2
15280,172,16,113.12,3
15281,59,139,2332.15,0
15286,50,3,240.55,0
15287,1,132240,1755763.33,1
15288,43,88,2306.52,0
15289,29,58,939.78,0
15290,5,204,7943.22,0
15291,26,103,4668.3,0
15292,201,25,180.94,3
15296,51,194,3672.86,0
15297,10,39,641.94,0
15298,2,192,4799.9,0
15299,67,7,4507.01,0
15300,64,28,496.44,0
15301,51,243,5070.35,0
15303,290,31,574.02,2
15304,61,23,694.4000000000001,0
15306,64,58,1174.35,0
15307,96,12,205.3,3
15308,274,19,310.47,2
15311,1,2379,60767.9,0
15312,75,47,924.85,0
15313,110,1,52.0,3
15314,199,24,327.97,3
15315,64,37,570.5,0
15316,327,1,165.0,2
15318,4,33,312.62,0
15319,284,16,204.5,2
15320,44,36,267.13,0
15321,71,95,2748.31,0
15322,86,42,679.68,0
15325,104,49,162.29,3
15326,334,29,311.71,2
15327,53,10,208.75,0
15329,39,57,1049.7,0
15330,32,13,714.96,0
15332,366,35,1661.06,2
15333,208,16,1028.56,3
15334,157,99,351.67,3
15335,54,36,173.97,0
15339,66,86,574.07,0
15341,81,17,2020.52,0
15342,130,24,406.09,3
15343,87,21,364.5,0
15344,1,26,563.94,0
15345,46,20,393.54,0
15346,333,17,252.42000000000002,2
15347,366,5,201.60000000000002,2
15348,72,9,158.04,0
15349,158,72,473.81,3
15350,373,5,115.65,2
15351,12,225,1960.1100000000001,0
15353,255,63,777.02,2
15355,29,14,277.05,0
15356,31,519,2766.5,0
15358,5,551,8347.2,0
15360,40,13,427.93,0
15361,362,7,418.92,2
15363,373,16,326.0,2
15364,96,29,913.19,3
15365,26,114,2314.32,0
15366,75,44,602.51,0
15367,57,95,1877.59,0
15368,21,4,446.94000000000005,0
15370,41,94,2386.05,0
15372,137,27,2007.3999999999999,3
15373,8,132,2415.91,0
15374,129,3,168.0,3
15376,40,117,1233.3600000000001,0
15379,169,194,3703.29,3
15380,9,36,1690.2600000000002,0
15381,214,8,596.85,3
15382,15,302,5955.71,0
15384,170,41,642.41,3
15385,40,12,316.88,0
15386,186,31,394.14,3
15388,270,10,140.54,2
15389,172,1,500.0,3
15392,5,84,1535.53,0
15393,16,12,231.86,0
15394,10,85,2183.54,0
15395,326,7,107.45,2
15396,113,14,288.18,3
15397,290,6,94.0,2
15398,16,73,1345.53,0
15399,1,50,815.77,0
15400,92,12,716.2,0
15402,149,42,626.77,3
15405,189,8,349.1,3
15406,31,53,510.71000000000004,0
15407,34,153,1056.44,0
15408,264,34,267.18,2
15410,84,122,3450.84,0
15411,26,99,1358.88,0
15412,171,10,190.53,3
15414,10,39,774.9000000000001,0
15415,313,48,572.8100000000001,2
15416,65,192,3984.32,0
15417,85,28,508.8,0
15419,25,8,135.86,0
15421,59,53,950.36,0
15422,323,6,97.7,2
15423,38,2,43.5,0
15424,254,17,383.34,2
15426,19,292,1447.39,0
15427,33,306,1483.14,0
15428,15,6,93.78,0
15429,27,82,397.35,0
15432,23,10,171.19,0
15433,214,41,533.3,3
15434,8,55,1041.48,0
15435,22,29,149.29,0
15436,12,329,1122.53,0
15437,262,45,200.16,2
15438,131,25,156.57999999999998,3
15440,55,62,383.68,0
15442,249,2,594.0,2
15443,2,382,3236.91,0
15444,9,219,1418.26,0
15445,264,5,113.5,2
15447,331,9,155.17,2
15448,313,28,494.64,2
15449,26,60,974.52,0
15450,30,30,429.84,0
15452,30,58,538.73,0
15453,2,286,1388.37,0
15454,362,25,179.1,2
15456,283,60,447.22,2
15457,262,58,237.07,2
15458,25,7,161.64,0
15460,354,58,216.76,2
15462,94,11,234.6,0
15463,29,7,126.14,0
15464,338,157,1048.85,2
15465,20,97,7354.62,0
15466,85,57,334.53,0
15467,9,52,524.88,0
15468,51,24,467.51,0
15469,50,24,538.55,0
15471,2,77,469.48,0
15472,113,76,371.56,3
15473,14,11,1771.2,0
15475,77,29,454.10999999999996,0
15478,40,46,1441.42,0
15480,116,45,905.5,3
15482,16,98,11054.96,0
15483,161,88,233.81,3
15484,1,188,3594.31,0
15485,30,86,2575.0,0
15488,93,2,91.32000000000001,0
15489,23,50,1134.28,0
15491,95,154,3100.09,0
15492,28,35,659.4599999999999,0
15493,33,297,2001.8,0
15494,21,125,1299.23,0
15497,18,15,1262.2,0
15498,3,512,13316.4,0
15500,8,68,1131.56,0
15502,16,213,10384.93,0
15503,363,70,147.09,2
15504,81,13,52.83,0
15505,53,97,3610.96,0
15506,23,164,979.26,0
15507,172,46,492.36,3
15508,189,92,1000.27,3
15510,331,1,250.0,2
15511,12,160,909.23,0
15512,156,7,121.0,3
15513,33,308,14758.220000000001,0
15514,12,178,4139.46,0
15516,45,15,62.43,0
15517,233,27,267.03,2
15518,64,214,1942.45,0
15520,2,18,343.5,0
15521,40,185,3000.2,0
15522,33,57,398.84,0
15523,84,10,412.01000000000005,0
15524,25,1,440.0,0
15525,2,178,825.92,0
15526,33,4,148.44,0
15527,19,163,2429.78,0
15528,254,26,229.33,2
15529,23,672,3995.23,0
15530,22,108,1502.35,0
15531,8,228,2007.44,0
15532,25,256,1580.93,0
15533,19,83,807.57,0
15535,173,75,536.4,3
15537,163,24,110.92,3
15539,7,41,538.46,0
15540,11,15,213.3,0
15541,114,29,85.13000000000001,3
15543,288,28,127.86,2
15544,9,259,3546.71,0
15545,54,81,292.71999999999997,0
15547,7,702,4954.84,0
15549,77,115,1693.26,0
15550,4,61,575.63,0
15551,37,29,436.06,0
15552,217,17,90.12,3
15553,60,56,437.23,0
15554,278,14,217.2,2
15555,12,899,4805.17,0
15556,24,31,279.77,0
15557,29,20,473.65000000000003,0
15561,12,27,800.59,0
15562,352,1,134.55,2
15563,22,113,1400.44,0
15565,50,8,173.16,0
15567,19,7,186.01,0
15568,3,53,758.29,0
15569,104,31,1375.71,3
15570,7,323,4165.52,0
15571,12,57,650.4300000000001,0
15572,5,215,2552.86,0
15573,32,104,607.45,0
15574,178,168,702.25,3
15576,38,45,940.6700000000001,0
15577,151,39,258.88,3
15578,162,13,127.1,3
15579,69,51,348.6,0
15581,121,149,3679.9700000000003,3
15582,25,44,682.9100000000001,0
15584,24,123,725.11,0
15585,177,31,455.3,3
15587,50,9,913.6800000000001,0
15589,256,29,478.53000000000003,2
15592,47,24,388.58,0
15593,71,5,199.8,0
15594,16,103,1771.78,0
15596,101,77,1406.59,3
15597,35,22,324.57,0
15598,53,14,240.68,0
15599,27,52,761.74,0
15601,11,410,6776.56,0
15602,8,46,1297.8700000000001,0
15603,79,2,48.480000000000004,0
15604,52,17,216.39,0
15605,36,67,1198.23,0
15606,61,77,2920.16,0
15607,337,13,104.76,2
15608,28,60,1093.68,0
15609,184,16,298.48,3
15610,52,6,112.46000000000001,0
15611,10,43,1591.45,0
15612,36,6,195.15,0
15615,10,423,10399.74,0
15618,33,45,776.851,0
15619,11,3,336.40000000000003,0
15620,57,100,1553.18,0
15621,4,16,1293.03,0
15622,43,185,3709.56,0
15623,141,19,301.03,3
15624,117,34,588.13,3
15625,104,64,1534.26,3
15626,75,49,675.8,0
15628,5,155,2870.2400000000002,0
15630,45,60,1186.35,0
15632,16,167,3285.31,0
15634,17,15,243.55,0
15636,90,25,724.76,0
15637,53,15,223.36,0
15639,134,25,425.32,3
15640,4,484,12515.66,0
15641,105,119,1887.2,3
15643,192,33,664.0,3
15644,166,238,813.0,3
15645,19,52,612.01,0
15646,158,35,447.64000000000004,3
15648,204,25,657.35,3
15649,336,2,816.0,2
15651,37,32,646.3,0
15652,91,21,337.74,0
15653,93,6,877.4399999999999,0
15654,9,21,922.53,0
15655,243,34,560.67,2
15656,45,47,748.5,0
15657,23,1,30.0,0
15658,190,48,1024.1000000000001,3
15659,44,11,306.45,0
15660,25,90,1600.86,0
15661,317,5,309.8,2
15663,106,9,138.14,3
15664,51,17,386.43,0
15665,168,116,2242.01,3
15667,40,13,301.32,0
15668,218,1,76.32000000000001,3
15669,40,33,684.34,0
15670,297,12,173.05,2
15671,19,78,2657.13,0
15673,88,155,2881.02,0
15674,73,114,2446.6,0
15675,81,21,323.69,0
15676,19,202,3435.76,0
15677,49,33,657.23,0
15678,53,12,352.7,0
15679,24,110,781.28,0
15680,9,78,1333.68,0
15681,25,53,1426.16,0
15683,117,10,193.75,3
15687,9,166,2993.1,0
15689,120,9,254.1,3
15690,4,19,239.76,0
15691,252,2,136.8,2
15692,28,12,191.04,0
15694,1,78,6479.4,0
15695,267,22,409.98,2
15696,33,171,2736.46,0
15699,18,18,309.65,0
15700,172,86,696.68,3
15701,2,237,1542.14,0
15703,265,5,211.5,2
15704,140,117,2293.62,3
15705,201,6,143.1,3
15706,64,55,1060.56,0
15707,35,214,945.58,0
15708,41,288,3364.2400000000002,0
15709,284,6,133.25,2
15712,9,53,1072.3600000000001,0
15713,143,19,356.7,3
15714,12,35,330.88,0
15716,146,118,1118.81,3
15717,234,7,150.3,2
15719,33,937,5045.61,0
15720,24,128,598.73,0
15721,12,91,507.08,0
15722,36,69,2222.56,0
15723,365,41,203.1,2
15724,201,11,218.25,3
15725,15,32,415.25,0
15727,17,302,5178.96,0
15729,213,5,85.0,3
15730,66,70,1120.88,0
15732,212,14,294.12,3
15733,283,10,162.3,2
15734,115,26,1339.45,3
15737,15,72,1205.1200000000001,0
15738,19,173,4812.42,0
15739,66,8,449.12,0
15740,49,9,154.88,0
15743,16,88,784.46,0
15744,78,3,34.8,0
15745,19,62,1094.59,0
15746,134,28,196.88,3
15747,13,93,974.04,0
15748,40,21,149.31,0
15749,235,10,44534.3,2
15750,3,293,2465.48,0
15752,40,411,2637.38,0
15753,305,1,79.2,2
15754,51,28,458.57,0
15755,10,141,2364.25,0
15756,61,192,532.96,0
15757,66,45,714.42,0
15758,25,9,205.25,0
15759,218,7,253.04,3
15762,65,37,583.75,0
15763,32,61,1086.92,0
15764,88,180,3279.97,0
15766,64,11,315.06,0
15768,116,27,621.8299999999999,3
15769,7,130,56252.72,0
15773,6,10,635.6800000000001,0
15774,69,25,270.8,0
15775,245,7,104.9,2
15776,133,18,241.62,3
15777,241,21,1047.11,2
15780,184,29,475.28000000000003,3
15781,25,20,345.46,0
15782,10,43,2614.7400000000002,0
15783,11,14,246.3,0
15785,33,83,2328.9700000000003,0
15786,46,267,4932.2,0
15787,26,206,948.05,0
15789,358,25,351.3,2
15790,10,35,220.85,0
15791,44,75,1612.69,0
15793,15,12,965.61,0
15795,150,42,610.01,3
15796,1,133,2711.56,0
15797,113,8,2207.4,3
15799,76,98,884.14,0
15800,107,119,699.08,3
15801,46,64,1063.95,0
15802,143,1,451.42,3
15803,51,8,415.82000000000005,0
15804,1,262,4206.39,0
15805,23,301,5528.4800000000005,0
15806,46,31,784.58,0
15807,50,48,903.9,0
15808,306,208,3734.9700000000003,2
15809,36,35,515.77,0
15810,79,89,1391.98,0
15811,22,133,2218.62,0
15812,107,41,1801.14,3
15813,208,40,1303.9099999999999,3
15814,17,72,1945.33,0
15815,64,49,2100.6,0
15819,49,123,1905.45,0
15820,320,17,206.98,2
15821,44,62,570.96,0
15822,3,33,885.47,0
15823,372,1,15.0,2
15825,172,20,532.94,3
15826,56,68,1654.31,0
15827,73,115,1836.0900000000001,0
15829,99,51,636.14,3
15830,38,39,576.0,0
15831,58,68,801.76,0
15832,254,54,836.79,2
15834,70,273,2233.75,0
15835,44,50,954.09,0
15836,50,10,137.37,0
15837,65,24,391.98,0
15838,11,167,33643.08,0
15839,33,62,1048.49,0
15840,59,27,355.56,0
15841,73,47,1224.06,0
15843,304,8,118.95000000000002,2
15844,46,11,130.73999999999998,0
15845,18,138,3711.77,0
15847,38,22,389.27,0
15850,19,97,238.85,0
15852,187,22,160.71,3
15853,52,30,110.8,0
15854,4,140,2974.65,0
15855,137,80,712.24,3
15856,4,645,16387.57,0
15857,19,14,297.0,0
15858,16,191,1438.85,0
15860,41,142,977.21,0
15861,12,546,3165.36,0
15862,8,147,832.88,0
15863,26,18,68.84,0
15864,22,20,1936.3200000000002,0
15865,41,40,895.13,0
15866,101,45,230.53,3
15867,5,461,3812.64,0
15869,277,15,149.64,2
15870,33,76,354.09000000000003,0
15872,15,128,360.93,0
15874,64,120,4405.88,0
15877,2,129,493.28,0
15880,369,105,343.28000000000003,2
15881,312,29,501.39000000000004,2
15882,199,23,516.36,3
15883,2,49,396.48,0
15885,93,18,379.35,0
15886,60,12,181.09,0
15888,81,12,168.31,0
15889,157,93,446.87,3
15891,227,62,524.52,3
15894,253,41,263.55,2
15895,150,11,179.17,3
15897,194,24,222.05,3
15898,1,86,1388.88,0
15899,369,4,56.25,2
15900,24,51,351.11,0
15901,17,116,363.88,0
15903,10,74,5126.76,0
15904,8,30,164.68,0
15906,20,150,1567.69,0
15907,4,249,967.45,0
15909,174,7,191.94,3
15910,1,267,1232.18,0
15912,178,19,264.62,3
15916,16,155,1528.09,0
15917,248,12,123.1,2
15918,191,40,334.23,3
15919,20,143,639.89,0
15920,154,60,167.5,3
15921,173,25,336.03000000000003,3
15922,373,11,369.5,2
15923,373,21,127.08,2
15925,194,12,207.15,3
15930,67,21,426.63,0
15932,4,115,2495.87,0
15933,21,74,1107.46,0
15935,239,12,416.86,2
15937,64,7,145.35,0
15938,112,18,404.58,3
15939,90,76,6115.01,0
15940,311,1,35.8,2
15942,134,14,337.44,3
15944,277,6,325.1,2
15945,365,2,181.0,2
15947,83,29,1708.24,0
15948,8,60,955.24,0
15949,17,19,364.72,0
15950,32,98,1765.51,0
15951,9,41,708.22,0
15952,34,91,806.57,0
15953,15,98,1659.3799999999999,0
15955,24,183,4416.26,0
15957,32,42,428.89,0
15958,74,7,104.35,0
15963,20,28,470.76,0
15965,17,122,845.64,0
15967,23,84,418.83,0
15969,3,20,666.1,0
15970,304,11,314.1,2
15971,18,35,4199.85,0
15973,367,4,307.82000000000005,2
15974,39,176,3442.15,0
15975,84,24,371.01,0
15976,165,98,430.94,3
15977,17,65,1054.73,0
15978,77,49,1098.78,0
15980,89,43,2398.86,0
15981,25,97,3408.48,0
15983,22,113,1475.02,0
15984,3,270,2837.67,0
15985,123,37,1142.42,3
15986,30,14,168.12,0
15987,12,140,1451.28,0
15988,19,27,158.03,0
15990,44,52,792.11,0
15992,4,3,41.989999999999995,0
15993,9,552,2797.57,0
15994,55,35,427.07,0
15996,88,130,1060.68,0
15998,37,506,3089.97,0
16000,3,9,12393.7,0
16003,30,103,2735.37,0
16005,12,218,615.39,0
16006,211,8,101.4,3
16007,48,385,1701.94,0
16008,24,33,478.78,0
16009,22,90,992.71,0
16010,246,86,407.5,2
16011,8,212,3362.71,0
16012,35,94,1415.29,0
16013,4,139,37130.6,0
16014,38,145,662.38,0
16015,4,182,705.39,0
16016,3,235,1508.76,0
16017,47,32,211.88,0
16018,39,28,408.90000000000003,0
16019,47,160,3786.2400000000002,0
16020,17,46,851.01,0
16022,260,76,628.28,2
16023,46,101,719.81,0
16024,12,64,251.24,0
16025,30,28,439.65999999999997,0
16026,43,32,236.09,0
16027,92,16,934.62,0
16029,39,242,81024.84,0
16030,310,29,331.24,2
16031,92,100,548.94,0
16033,6,1137,8816.4,0
16034,196,22,437.7,3
16036,87,55,758.92,0
16037,270,39,855.02,2
16038,8,26,471.78000000000003,0
16040,65,65,1313.55,0
16041,31,6,3166.4,0
16042,22,71,1197.27,0
16043,38,39,773.99,0
16045,120,83,1340.7,3
16048,373,8,256.44,2
16049,40,312,1111.79,0
16050,174,10,137.9,3
16052,54,34,362.06,0
16053,33,84,1511.95,0
16054,145,70,783.9,3
16055,221,8,134.8,3
16056,45,68,664.85,0
16057,16,121,2263.12,0
16059,66,180,1459.8600000000001,0
16062,10,64,1153.62,0
16063,260,23,335.32,2
16065,365,74,372.09,2
16066,17,102,1521.87,0
16070,22,33,852.15,0
16071,45,21,326.24,0
16072,288,23,584.3199999999999,2
16073,297,1,122.39999999999999,2
16076,3,129,2234.73,0
16078,284,1,79.2,2
16079,17,21,1352.0,0
16080,82,10,217.16,0
16081,56,227,2806.9,0
16083,101,31,1317.62,3
16084,299,38,436.18,2
16085,23,167,981.51,0
16086,59,39,1121.39,0
16091,155,18,315.06,3
16092,115,51,817.86,3
16093,107,1,17.0,3
16094,12,63,1078.23,0
16096,264,12,320.62,2
16097,240,10,185.04999999999998,2
16098,88,67,2005.63,0
16099,50,39,731.9,0
16101,71,76,1290.7,0
16102,42,57,1842.14,0
16103,7,48,1429.64,0
16104,62,29,302.36,0
16105,249,13,336.96,2
16106,66,6,108.38,0
16107,18,31,3204.1600000000003,0
16108,85,48,842.5,0
16109,219,18,611.88,3
16110,45,354,1337.48,0
16112,143,16,195.73999999999998,3
16113,183,30,161.38,3
16114,171,8,135.75000000000003,3
16115,10,284,1667.97,0
16116,212,34,612.78,3
16117,190,30,232.21,3
16119,8,16,423.36,0
16120,59,30,1309.14,0
16121,57,212,867.11,0
16122,73,38,684.4200000000001,0
16123,52,16,307.78,0
16124,317,11,249.0,2
16125,367,13,289.35,2
16126,29,117,6287.77,0
16127,39,40,656.25,0
16128,18,89,1880.22,0
16131,52,78,3506.54,0
16133,4,338,14589.04,0
16134,22,35,618.09,0
16135,263,21,517.55,2
16136,60,37,709.38,0
16139,19,31,635.41,0
16140,66,35,725.18,0
16141,88,30,620.4,0
16142,250,37,535.34,2
16143,3,117,2424.94,0
16144,247,1,175.2,2
16145,9,224,3799.4900000000002,0
16146,157,29,734.13,3
16147,134,22,375.0,3
16148,296,1,76.32000000000001,2
16149,5,18,280.52,0
16150,43,117,2053.02,0
16152,269,29,1829.04,2
16153,50,89,1824.23,0
16156,9,130,3122.04,0
16157,16,18,656.69,0
16159,282,14,348.2,2
16160,65,20,1025.44,0
16161,2,474,5575.56,0
16162,252,2,37.4,2
16163,232,6,856.6,2
16164,17,34,822.48,0
16168,11,98,3787.6,0
16169,8,85,1822.97,0
16170,51,125,1885.05,0
16171,59,3,73.2,0
16172,95,69,1140.21,0
16173,16,84,1418.32,0
16174,126,23,1009.5500000000001,3
16175,94,58,1037.59,0
16177,50,15,331.95,0
16178,138,8,197.9,3
16179,61,11,215.83,0
16180,100,162,10254.18,3
16181,73,11,305.54,0
16182,72,28,6617.65,0
16183,67,15,338.71000000000004,0
16184,64,45,1158.79,0
16185,17,31,529.41,0
16186,23,218,4006.94,0
16187,32,295,6911.4400000000005,0
16188,45,67,981.86,0
16189,16,11,215.48,0
16190,40,6,215.08,0
16191,3,134,5180.52,0
16193,237,19,314.45,2
16198,75,15,400.68100000000004,0
16200,4,179,1080.6200000000001,0
16201,3,111,1863.47,0
16202,361,18,365.27,2
16203,59,35,592.9,0
16204,23,57,405.71,0
16205,31,98,761.38,0
16206,55,63,537.0600000000001,0
16207,25,19,394.38,0
16208,45,66,664.26,0
16209,89,46,2262.62,0
16210,2,123,21086.3,0
16211,89,23,547.02,0
16212,19,41,690.34,0
16213,79,6,159.0,0
16214,171,44,1062.75,3
16215,81,14,242.35,0
16216,267,37,914.9300000000001,2
16217,235,15,304.25,2
16218,30,84,3084.68,0
16221,37,97,864.86,0
16222,318,137,846.72,2
16224,57,96,1295.3,0
16225,45,134,1096.32,0
16226,203,8,255.12,3
16227,225,6,314.22,3
16229,87,47,1010.6,0
16230,190,35,542.03,3
16232,44,37,990.88,0
16233,71,22,536.6800000000001,0
16235,41,46,867.31,0
16236,78,20,432.2,0
16239,57,19,414.2,0
16240,24,135,3718.8,0
16241,10,662,2607.87,0
16242,8,294,3603.21,0
16243,34,51,409.1,0
16244,212,91,1522.75,3
16245,24,90,1413.66,0
16247,170,16,114.56,3
16248,62,7,152.94,0
16249,53,69,1800.07,0
16250,261,24,389.44,2
16253,67,123,3683.86,0
16255,17,270,2619.91,0
16256,267,13,752.4300000000001,2
16257,177,2,46.95,3
16258,45,135,5203.51,0
16260,51,18,1035.45,0
16261,17,124,746.83,0
16265,9,258,5447.0,0
16266,74,61,861.89,0
16268,71,45,667.65,0
16270,353,54,1141.24,2
16271,3,133,1429.24,0
16272,117,25,411.7,3
16274,373,67,357.95,2
16275,197,33,559.87,3
16276,177,6,810.6000000000001,3
16278,100,23,566.38,3
16279,21,107,1509.58,0
16281,72,17,2062.06,0
16282,340,11,168.3,2
16283,6,166,1570.81,0
16284,31,109,823.97,0
16287,170,8,142.5,3
16292,122,17,302.25,3
16293,22,118,2248.9900000000002,0
16295,10,79,1328.55,0
16297,269,20,301.9,2
16298,23,27,598.2,0
16302,127,11,233.22,3
16303,26,162,5360.63,0
16305,139,22,361.21999999999997,3
16306,214,41,632.27,3
16308,38,4,2560.0,0
16309,106,42,706.57,3
16311,18,37,616.26,0
16313,3,16,274.15000000000003,0
16315,331,14,226.37,2
16316,64,151,2938.91,0
16317,120,69,1341.65,3
16318,35,19,328.15,0
16319,218,3,404.40000000000003,3
16320,172,56,1038.46,3
16321,72,12,373.65000000000003,0
16322,1,37,326.75,0
16323,196,1,207.50000000000003,3
16324,128,118,428.68,3
16325,47,18,594.24,0
16326,6,319,3110.96,0
16327,14,319,3844.22,0
16330,18,39,251.91,0
16332,28,153,1593.2,0
16333,8,45,26626.8,0
16337,37,10,151.05,0
16338,157,11,214.79999999999998,3
16339,284,20,109.95,2
16340,107,153,549.07,3
16341,25,77,1971.87,0
16342,75,15,322.41,0
16343,16,47,370.47999999999996,0
16344,158,2,101.10000000000001,3
16345,44,38,575.41,0
16347,11,92,887.65,0
16348,32,235,1469.45,0
16349,291,9,53.5,2
16350,21,57,1116.47,0
16351,333,8,153.9,2
16352,18,28,494.44,0
16353,4,94,6675.71,0
16354,63,39,395.8,0
16356,198,31,211.77,3
16357,33,34,658.88,0
16358,1,109,2027.5,0
16359,7,66,1750.92,0
16360,5,662,3512.53,0
16361,10,106,896.66,0
16362,32,81,734.77,0
16363,53,5,109.36000000000001,0
16364,12,53,707.04,0
16365,18,51,1540.42,0
16366,19,18,327.3,0
16367,37,130,804.49,0
16368,2,76,497.43,0
16369,18,118,1553.66,0
16370,82,228,1320.56,0
16372,33,97,367.93,0
16374,66,111,473.03000000000003,0
16376,9,125,987.01,0
16377,267,5,676.2,2
16378,247,23,362.95,2
16379,4,108,2157.4,0
16380,61,32,1780.59,0
16383,75,102,668.36,0
16384,90,33,584.5,0
16385,60,59,555.89,0
16386,29,88,317.2,0
16387,323,4,94.36,2
16389,53,34,1382.07,0
16392,270,45,221.19,2
16393,2,330,3046.21,0
16394,57,83,1555.34,0
16395,61,210,1486.9,0
16398,154,82,1705.8,3
16399,19,73,408.57,0
16400,95,29,303.93,0
16401,1,186,4098.32,0
16402,265,60,299.6,2
16403,312,10,177.5,2
16404,70,23,443.05,0
16405,302,5,167.25,2
16406,19,62,163.07,0
16407,13,172,2126.93,0
16409,36,232,2028.88,0
16411,19,45,214.65,0
16412,54,35,151.83,0
16413,57,31,262.2,0
16414,22,7,126.25,0
16415,44,54,210.35,0
16416,27,71,1051.4,0
16418,45,102,675.27,0
16419,113,51,972.23,3
16422,17,369,34684.4,0
16423,25,18,346.12,0
16424,191,5,133.56,3
16425,302,21,302.7,2
16426,2,372,1908.25,0
16427,263,9,241.06,2
16429,106,2,284.55,3
16430,57,6,300.85,0
16431,213,83,642.81,3
16432,64,8,287.4,0
16433,28,17,184.26,0
16434,29,109,1522.25,0
16438,6,132,798.35,0
16440,8,282,3640.67,0
16441,67,24,381.2,0
16442,2,174,616.79,0
16444,46,84,654.67,0
16445,34,63,230.51,0
16446,1,3,168472.5,0
16447,136,36,259.01,3
16448,198,20,188.89000000000001,3
16449,198,40,707.69,3
16450,150,11,311.92,3
16451,88,14,266.97,0
16454,45,2,6.9,0
16455,64,99,1841.18,0
16456,99,111,2158.37,3
16457,218,9,208.36,3
16458,3,202,3482.7400000000002,0
16460,28,135,814.72,0
16461,178,33,151.42,3
16462,74,3,136.0,0
16463,21,82,1422.4,0
16464,20,236,1314.68,0
16466,34,148,1603.46,0
16468,74,2,74.9,0
16469,24,182,650.43,0
16470,52,170,762.39,0
16471,275,13,223.95000000000002,2
16473,165,18,316.11,3
16474,7,360,1871.5,0
16475,88,28,544.3,0
16477,64,146,2494.46,0
16478,25,17,331.0,0
16479,10,35,300.83,0
16480,76,53,769.29,0
16482,16,18,220.62,0
16483,192,19,139.35,3
16484,174,25,404.3,3
16485,77,42,363.65,0
16488,33,29,498.8,0
16491,47,39,731.5,0
16493,80,56,1351.63,0
16494,297,50,826.53,2
16495,3,97,684.41,0
16496,9,95,1599.52,0
16497,50,136,2965.69,0
16498,161,15,100.97,3
16499,360,19,365.45,2
16500,5,11,400.86,0
16503,107,84,1431.93,3
16504,25,86,484.38,0
16505,32,4,777.6,0
16506,20,3,90.30000000000001,0
16509,297,13,363.7,2
16510,372,13,248.1,2
16511,22,169,950.26,0
16513,5,35,874.59,0
16515,52,113,1627.13,0
16516,30,6,101.69999999999999,0
16517,277,17,162.7,2
16518,61,40,484.32,0
16519,25,13,215.07999999999998,0
16520,186,156,1046.57,3
16523,2,290,9418.470000000001,0
16525,2,183,13027.45,0
16526,172,15,290.36,3
16527,81,14,228.06,0
16528,4,17,244.41,0
16529,190,30,455.25,3
16531,22,77,1244.59,0
16532,18,4,6748.8,0
16533,19,177,1095.56,0
16535,5,31,593.75,0
16536,110,55,548.97,3
16539,3,45,1388.81,0
16542,54,5,119.62,0
16545,165,3,339.3,3
16546,291,25,787.15,2
16549,10,981,4154.64,0
16550,109,251,2298.97,3
16551,96,32,922.12,3
16552,243,17,379.73,2
16553,163,84,5719.82,3
16554,42,52,837.1,0
16555,35,17,285.89,0
16556,67,207,3313.79,0
16557,24,11,281.85,0
16558,1,460,8338.49,0
16560,27,56,841.41,0
16561,6,31,511.12,0
16563,54,19,1077.74,0
16565,364,3,173.7,2
16566,15,18,614.66,0
16567,194,35,865.6,3
16569,3,5,124.2,0
16570,15,126,3738.4,0
16571,27,87,1421.69,0
16572,127,57,1009.6,3
16573,85,42,663.61,0
16574,71,28,451.44,0
16581,183,9,105.84,3
16582,113,6,313.62,3
16583,374,14,233.45,2
16584,80,28,936.08,0
16586,249,8,463.95,2
16587,232,13,225.15,2
16589,71,33,459.24,0
16591,69,10,213.5,0
16592,4,216,4113.68,0
16593,51,27,330.03,0
16594,75,53,181.09,0
16595,61,85,360.16,0
16596,16,12,250.15,0
16597,4,7,90.04,0
16598,286,10,145.04999999999998,2
16600,4,62,813.52,0
16601,41,31,244.79999999999998,0
16602,36,29,528.08,0
16603,75,34,482.47,0
16607,18,172,3347.71,0
16609,15,276,5493.46,0
16610,219,6,75.66,3
16611,186,10,129.49,3
16612,33,66,1187.66,0
16613,70,30,618.59,0
16614,183,26,506.19,3
16616,15,33,500.42,0
16617,236,5,151.85,2
16618,31,96,2647.59,0
16619,264,14,226.21,2
16620,4,9,178.96,0
16621,52,29,813.48,0
16623,246,5,129.45,2
16624,81,48,810.5699999999999,0
16625,275,23,333.08,2
16626,1,179,4413.1,0
16627,79,20,322.8,0
16628,30,117,2188.05,0
16629,74,64,417.73,0
16633,17,152,2883.1,0
16634,223,9,217.9,3
16637,32,69,1154.47,0
16638,23,94,1680.72,0
16639,31,50,1257.51,0
16641,106,12,231.10000000000002,3
16642,5,34,688.33,0
16643,246,27,487.51,2
16644,178,62,833.78,3
16647,170,14,214.06,3
16648,43,19,290.65999999999997,0
16650,72,24,518.42,0
16652,59,118,6773.97,0
16653,16,69,1212.66,0
16654,141,29,601.27,3
16655,18,261,3794.52,0
16656,22,73,8625.8,0
16657,10,208,933.62,0
16658,368,8,123.24,2
16659,189,2,39.12,3
16660,16,16,1267.6499999999999,0
16665,362,9,135.39999999999998,2
16666,19,32,118.98,0
16667,68,53,570.13,0
16668,15,20,306.71999999999997,0
16669,24,160,1374.8700000000001,0
16670,17,252,4095.9,0
16671,28,6,1692.27,0
16672,2,114,8134.9400000000005,0
16674,55,98,319.61,0
16676,34,89,1592.1200000000001,0
16678,3,163,3109.99,0
16679,366,3,129.75,2
16680,43,10,183.7,0
16681,73,44,1770.34,0
16682,5,30,1028.0,0
16684,4,277,66653.56,0
16685,61,62,324.24,0
16686,47,585,3062.83,0
16688,1,62,1260.86,0
16689,76,13,422.59999999999997,0
16690,72,12,225.57999999999998,0
16692,256,3,1276.0,2
16693,69,60,482.01,0
16696,135,10,657.9000000000001,3
16697,241,21,112.75,2
16698,227,5,1998.0,3
16700,9,308,5076.55,0
16701,9,144,5398.3,0
16705,1,270,14034.99,0
16706,37,123,531.35,0
16708,46,27,656.63,0
16709,85,79,3029.87,0
16710,19,402,2483.04,0
16711,3,22,1651.03,0
16712,9,447,3645.43,0
16713,19,624,6923.13,0
16714,219,93,1161.53,3
16715,78,19,301.71999999999997,0
16716,267,2,901.2,2
16717,24,199,3858.38,0
16718,369,45,623.75,2
16719,15,201,1790.42,0
16720,26,27,155.24,0
16721,262,37,292.47,2
16722,17,225,4730.81,0
16723,91,43,589.15,0
16725,302,151,781.02,2
16726,26,185,1382.02,0
16727,364,46,272.82,2
16728,46,269,1054.67,0
16729,38,660,7239.92,0
16730,52,82,743.11,0
16732,32,28,603.75,0
16734,52,53,650.51,0
16735,79,125,2300.56,0
16737,53,1,417.59999999999997,0
16738,298,1,3.75,2
16739,177,13,323.0,3
16742,47,1,464.9,0
16743,29,191,2238.09,0
16744,11,242,1304.76,0
16745,87,357,7194.3,0
16746,5,449,6697.66,0
16747,38,42,836.06,0
16748,18,69,1515.9,0
16750,45,95,623.93,0
16751,31,25,1764.72,0
16752,373,9,207.5,2
16753,58,34,223.92000000000002,0
16754,372,2,2002.4,2
16755,114,170,1496.83,3
16756,215,13,239.4,3
16757,319,7,106.83000000000001,2
16758,65,22,369.34000000000003,0
16759,8,42,789.79,0
16761,97,13,316.62,3
16762,20,89,1501.38,0
16763,199,23,611.85,3
16764,4,706,2799.25,0
16765,294,1,34.0,2
16766,273,34,1145.6,2
16767,31,222,5580.6,0
16768,48,54,478.09000000000003,0
16769,260,40,380.39,2
16770,58,145,770.1,0
16771,33,255,2246.81,0
16773,57,26,171.59,0
16774,68,48,661.52,0
16775,10,158,1695.66,0
16776,60,76,388.28,0
16777,80,50,226.35,0
16778,74,16,245.94,0
16779,2,333,10629.720000000001,0
16780,100,60,425.19,3
16781,372,17,311.25,2
16782,10,190,2279.9,0
16784,20,3,107.6,0
16788,123,155,597.48,3
16789,8,5,80.8,0
16790,4,93,1545.6200000000001,0
16791,29,320,1721.78,0
16792,282,12,110.38000000000001,2
16793,57,16,243.84,0
16794,1,285,1222.71,0
16795,365,66,414.88,2
16796,89,18,305.62,0
16800,11,164,1201.49,0
16801,163,76,1619.73,3
16803,65,24,332.3,0
16804,23,60,536.99,0
16805,174,98,460.59,3
16806,103,103,801.49,3
16807,143,67,1121.59,3
16808,99,23,288.42,3
16809,23,149,914.69,0
16810,192,15,309.54,3
16811,5,28,547.07,0
16812,361,15,479.35,2
16813,8,449,1692.98,0
16814,14,324,6509.1,0
16816,103,28,417.06,3
16817,3,86,1604.75,0
16818,11,188,3349.57,0
16820,96,26,497.61,3
16823,227,38,358.38,3
16824,16,26,460.64,0
16825,39,28,775.1800000000001,0
16826,51,22,341.7,0
16828,93,8,128.5,0
16829,157,11,197.22,3
16830,39,23,325.91,0
16832,184,12,199.15,3
16833,1,47,1106.53,0
16834,228,24,413.46,2
16835,128,10,180.85,3
16836,40,11,251.87,0
16837,31,165,3170.98,0
16838,197,25,588.85,3
16839,9,266,16594.35,0
16841,37,116,1869.82,0
16842,101,63,1264.19,3
16843,43,378,10196.57,0
16846,50,11,214.32,0
16847,43,12,193.44,0
16848,53,14,281.42,0
16849,187,8,124.57,3
16850,334,19,332.41,2
16851,4,20,342.45,0
16852,10,9,144.91000000000003,0
16855,24,19,328.4,0
16856,15,2,35.400000000000006,0
16858,369,10,375.69000000000005,2
16859,145,52,747.81,3
16861,60,6,173.76,0
16863,31,26,502.8,0
16866,141,11,207.73999999999998,3
16869,23,128,825.42,0
16871,22,137,2812.34,0
16872,77,7,680.02,0
16873,5,279,7123.62,0
16875,67,112,2095.53,0
16877,12,159,853.72,0
16878,84,3,13.3,0
16880,31,178,1519.08,0
16881,67,1,432.0,0
16882,67,39,705.12,0
16883,187,38,276.73,3
16884,38,26,429.84000000000003,0
16885,15,101,471.51,0
16887,35,37,194.88,0
16889,195,135,1578.67,3
16891,2,203,809.7,0
16892,1,99,525.54,0
16893,367,45,145.93,2
16895,65,69,219.14,0
16897,299,37,289.78,2
16898,26,162,508.81,0
16899,8,125,1281.56,0
16900,17,79,887.11,0
16902,116,44,1706.88,3
16903,29,60,373.24,0
16904,4,710,3754.27,0
16905,5,208,3102.43,0
16906,82,93,579.77,0
16907,29,151,981.65,0
16909,72,18,379.14,0
16910,4,547,1510.06,0
16912,29,101,2575.38,0
16913,290,8,113.44,2
16914,36,38,208.46,0
16915,9,57,621.6800000000001,0
16916,24,143,576.26,0
16917,277,9,391.52,2
16918,50,128,1068.82,0
16919,156,327,2596.45,3
16921,61,60,169.79,0
16923,12,672,7247.61,0
16924,21,83,846.75,0
16926,371,14,230.25,2
16927,116,6,543.05,3
16928,80,209,2847.6,0
16929,4,77,1295.39,0
16930,26,54,380.55,0
16931,5,898,4604.22,0
16932,53,53,161.94,0
16933,1,44,563.23,0
16934,55,62,950.9300000000001,0
16936,26,57,262.68,0
16938,9,241,2736.38,0
16940,52,305,3049.88,0
16942,13,281,1920.59,0
16943,212,33,816.73,3
16945,22,249,4345.5,0
16947,236,21,406.48,2
16948,139,19,435.02,3
16949,4,60,1286.27,0
16950,57,42,1178.56,0
16951,135,86,1277.75,3
16952,109,16,167.61,3
16953,30,1,20.8,0
16954,1,54,2085.08,0
16955,185,25,518.67,3
16956,18,16,308.74,0
16957,239,16,416.64,2
16959,87,7,117.35000000000001,0
16960,39,101,507.05,0
16961,116,14,234.17,3
16963,187,7,110.55000000000001,3
16965,227,26,201.19,3
16966,8,28,2154.97,0
16967,189,21,319.02,3
16968,4,31,439.43,0
16969,39,42,650.41,0
16971,38,41,357.21,0
16976,267,2,251.51999999999998,2
16978,78,39,344.33,0
16979,4,89,1852.0,0
16980,255,87,1078.96,2
16982,61,22,384.06,0
16983,13,148,1931.25,0
16984,88,407,4481.35,0
16985,17,120,5464.12,0
16986,30,3,1873.2,0
16987,3,129,1625.05,0
16988,5,7,126.12,0
16989,7,12,1133.25,0
16990,219,1,179.0,3
16992,11,93,1614.31,0
16996,30,37,1456.96,0
16997,288,12,702.0,2
16998,150,4,295.0,3
16999,23,23,484.82,0
17001,1,169,3989.57,0
17002,86,49,1493.73,0
17004,46,44,1412.94,0
17006,5,44,781.78,0
17007,51,52,889.9300000000001,0
17010,18,11,195.36,0
17011,30,15,270.9,0
17014,8,74,586.33,0
17015,29,217,1842.56,0
17017,3,252,8694.26,0
17018,41,16,920.1,0
17019,11,234,1272.61,0
17022,31,7,71.0,0
17024,45,3,95.85,0
17025,61,9,357.77,0
17026,185,4,154.82999999999998,3
17027,79,153,890.29,0
17029,111,2,716.0,3
17030,64,11,146.87,0
17031,12,22,380.35,0
17033,86,28,1030.14,0
17034,16,30,745.52,0
17035,246,28,433.53000000000003,2
17037,88,75,1267.32,0
17038,30,22,112.4,0
17040,138,15,449.73,3
17041,27,70,1081.57,0
17042,3,98,1044.3799999999999,0
17043,32,102,1735.18,0
17044,25,6,948.48,0
17045,113,22,339.44,3
17046,157,22,642.02,3
17047,85,65,1100.9,0
17048,118,43,925.35,3
17049,3,318,5659.9800000000005,0
17050,96,316,3228.84,0
17051,194,43,247.14000000000001,3
17052,28,92,413.75,0
17053,131,13,498.48,3
17054,28,83,1356.33,0
17058,82,62,1179.89,0
17059,30,516,3095.04,0
17060,266,5,234.24,2
17061,74,99,5232.2300000000005,0
17062,314,70,538.37,2
17063,21,78,1461.14,0
17064,59,62,859.35,0
17068,12,296,4552.14,0
17069,28,143,2709.7000000000003,0
17070,114,64,312.14,3
17071,28,140,2429.03,0
17073,18,174,1446.09,0
17075,18,77,834.12,0
17076,36,25,841.0799999999999,0
17078,36,28,378.2,0
17079,78,2,118.80000000000001,0
17080,22,8,287.62,0
17081,25,64,290.16,0
17082,33,81,2003.85,0
17083,109,52,1405.78,3
17084,35,162,2949.75,0
17085,123,187,1566.65,3
17086,7,96,2050.08,0
17088,28,115,1991.01,0
17090,4,63,2043.95,0
17091,3,195,3827.76,0
17092,50,125,1777.78,0
17094,322,14,302.0,2
17095,23,74,1324.16,0
17096,15,48,1022.13,0
17097,2,211,954.42,0
17100,18,65,971.74,0
17101,10,42,1621.73,0
17102,262,1,25.5,2
17105,159,90,665.78,3
17107,33,418,10815.43,0
17109,29,117,885.04,0
17110,165,12,163.29999999999998,3
17111,47,30,248.61,0
17114,6,127,808.62,0
17115,8,39,837.5,0
17117,288,9,116.19999999999999,2
17118,318,10,157.02,2
17119,3,35,606.91,0
17120,233,18,307.46,2
17122,119,7,138.32,3
17123,162,9,345.29999999999995,3
17124,185,32,298.89,3
17125,50,40,259.35,0
17126,152,260,1004.75,3
17128,335,14,157.09,2
17131,5,134,2463.17,0
17133,16,27,4892.240000000001,0
17134,107,24,425.0,3
17135,16,52,1139.73,0
17138,276,24,380.5,2
17139,16,478,10668.47,0
17140,247,20,465.32,2
17142,239,15,579.0,2
17144,1,48,984.57,0
17146,106,35,749.78,3
17147,23,81,1714.59,0
17148,52,9,124.88,0
17152,195,14,1689.5,3
17153,24,14,213.78,0
17154,75,23,329.34,0
17155,18,20,251.70000000000002,0
17157,8,13,319.0,0
17158,32,67,1266.97,0
17159,22,101,1538.88,0
17160,31,229,3518.03,0
17162,29,104,1715.46,0
17163,22,5,293.1,0
17164,33,144,2467.35,0
17165,284,10,158.68,2
17166,39,12,206.34,0
17169,58,54,835.78,0
17171,289,16,224.91,2
17172,79,15,317.76,0
17173,5,86,3766.6,0
17174,218,4,59.9,3
17175,44,63,1443.69,0
17176,202,15,306.13,3
17179,178,80,711.79,3
17180,56,128,796.03,0
17181,57,23,239.92000000000002,0
17183,8,73,3347.31,0
17186,47,2,144.0,0
17187,227,10,203.95,3
17188,11,84,2474.23,0
17189,106,61,384.40000000000003,3
17190,59,19,444.74,0
17191,28,237,2095.13,0
17193,36,32,1699.3000000000002,0
17194,274,29,262.62,2
17197,30,29,1013.01,0
17198,24,96,692.22,0
17201,54,40,342.63,0
17203,36,152,3563.85,0
17204,175,57,1564.56,3
17205,54,13,384.08,0
17206,53,7,204.24,0
17211,27,211,2317.2200000000003,0
17212,253,4,226.85,2
17213,40,157,2781.23,0
17214,60,103,1069.1200000000001,0
17217,234,9,113.5,2
17218,4,274,1960.72,0
17219,32,25,114.23,0
17220,24,472,3198.25,0
17221,7,63,335.13,0
17222,65,28,354.15,0
17223,310,49,426.79,2
17226,309,21,393.49,2
17227,19,47,939.32,0
17228,16,208,1906.09,0
17229,96,47,318.76,3
17230,264,69,3638.41,2
17231,12,541,3174.32,0
17232,3,36,421.52,0
17233,35,25,190.88,0
17234,183,14,149.89000000000001,3
17235,25,29,550.06,0
17236,13,105,916.13,0
17237,11,19,314.69,0
17238,3,566,3744.65,0
17239,313,15,382.5,2
17242,108,40,1135.04,3
17243,1,400,8676.85,0
17244,53,31,954.9,0
17245,205,9,171.45,3
17247,15,55,282.19,0
17248,120,69,318.65,3
17250,4,57,384.52,0
17251,363,39,283.28000000000003,2
17252,117,87,353.86,3
17253,18,18,178.26,0
17254,5,112,272.44,0
17255,41,78,298.41,0
17256,107,16,240.0,3
17259,148,124,603.37,3
17262,52,12,1253.3600000000001,0
17263,208,23,63.440000000000005,3
17265,139,127,562.9,3
17266,2,80,310.64,0
17267,127,38,317.62,3
17268,108,6,763.64,3
17272,42,114,2148.63,0
17274,35,27,111.97999999999999,0
17277,228,69,1065.3500000000001,2
17278,241,15,246.04,2
17279,58,9,187.82999999999998,0
17282,130,94,1703.41,3
17284,60,292,1652.58,0
17286,22,45,153.92,0
17287,26,124,1064.11,0
17288,9,142,1419.73,0
17289,32,111,944.41,0
17290,4,102,525.24,0
17291,308,1,550.8000000000001,2
17293,8,135,1875.1100000000001,0
17295,29,69,556.95,0
17297,17,51,131.78,0
17298,101,30,498.42,3
17299,12,57,669.11,0
17301,21,66,197.63,0
17302,15,79,1135.63,0
17303,361,53,250.04,2
17306,11,66,8631.31,0
17309,95,12,82.75,0
17311,78,55,1384.85,0
17312,139,14,644.3,3
17313,31,24,2328.84,0
17314,25,131,2527.92,0
17315,2,473,6292.26,0
17317,46,9,2600.34,0
17320,100,73,1200.6200000000001,3
17321,8,107,700.86,0
17323,15,200,921.07,0
17324,18,50,990.23,0
17325,280,6,96.8,2
17329,14,33,523.11,0
17330,23,6,363.9,0
17331,124,1,175.2,3
17333,86,28,494.25,0
17334,302,11,307.02,2
17337,151,543,2027.8700000000001,3
17338,17,753,6643.93,0
17339,94,9,243.36,0
17340,30,407,12353.29,0
17341,157,183,781.36,3
17343,355,17,193.64,2
17344,46,32,160.57,0
17345,15,87,537.74,0
17346,4,500,2676.56,0
17347,86,1,228.96,0
17348,15,215,1159.52,0
17349,179,9,110.75,3
17350,8,71,1286.07,0
17351,36,27,587.15,0
17353,129,8,1740.0,3
17354,51,16,1393.06,0
17356,312,19,178.22,2
17357,24,45,388.14,0
17358,303,59,365.85,2
17359,11,15,127.86,0
17360,17,132,585.79,0
17361,49,29,488.2,0
17362,239,35,312.23,2
17364,1,411,4481.18,0
17365,13,468,4801.56,0
17367,238,34,168.4,2
17368,23,111,1912.67,0
17370,73,33,446.18,0
17371,17,87,423.89,0
17372,41,253,1342.68,0
17373,40,57,646.92,0
17374,219,28,495.77,3
17375,199,69,400.1,3
17376,71,24,203.2,0
17377,24,418,4100.92,0
17379,11,83,404.66,0
17381,9,109,20275.61,0
17382,65,2,65.4,0
17383,4,51,199.29,0
17384,19,15,336.4,0
17385,15,47,261.11,0
17386,8,28,2686.42,0
17387,20,78,784.11,0
17388,78,15,1259.56,0
17389,1,213,31833.68,0
17391,164,3,508.8,3
17392,307,62,457.91,2
17394,219,4,203.86999999999998,3
17396,39,27,7330.8,0
17397,22,92,696.41,0
17398,115,38,653.38,3
17400,126,213,2129.96,3
17402,5,59,2633.85,0
17403,36,33,281.62,0
17404,4,198,31906.82,0
17405,1,82,1031.41,0
17406,333,113,2200.42,2
17408,163,2,32.65,3
17409,185,13,771.85,3
17410,16,64,1214.72,0
17411,12,41,778.94,0
17412,3,66,1258.06,0
17414,44,6,778.0,0
17415,80,14,507.84,0
17416,30,269,6893.42,0
17418,42,30,463.46000000000004,0
17419,11,206,4226.57,0
17420,50,30,598.83,0
17422,16,117,1979.37,0
17423,46,26,698.41,0
17425,19,43,759.17,0
17426,8,271,5037.26,0
17427,72,2,100.8,0
17428,1,328,17256.85,0
17429,128,39,524.9200000000001,3
17430,33,14,265.76,0
17431,313,43,403.3,2
17432,18,48,365.76,0
17433,88,54,303.15999999999997,0
17434,2,134,2373.82,0
17436,2,9,216.29999999999998,0
17438,254,17,388.45000000000005,2
17440,157,5,186.42000000000002,3
17442,37,135,2248.56,0
17443,220,1,534.24,3
17444,148,135,2940.04,3
17446,177,9,120.9,3
17447,40,36,541.53,0
17449,2,277,2520.86,0
17450,8,337,194550.79,0
17451,1,100,1721.4,0
17453,18,19,486.71999999999997,0
17454,192,61,517.53,3
17455,204,8,131.7,3
17456,365,17,249.86,2
17457,127,19,1737.7,3
17458,15,54,316.5,0
17459,43,111,657.3,0
17460,94,29,622.4300000000001,0
17461,23,111,757.46,0
17462,60,27,675.69,0
17463,16,215,1896.41,0
17464,158,9,289.96000000000004,3
17466,10,41,763.28,0
17468,10,5,137.0,0
17469,16,88,1870.97,0
17470,45,78,1125.07,0
17472,191,181,710.29,3
17475,79,14,194.37,0
17480,78,29,511.82,0
17481,4,82,1255.59,0
17483,65,21,414.04,0
17486,261,24,396.87,2
17489,59,29,376.64,0
17490,1,76,2092.32,0
17491,1,109,3558.87,0
17492,248,12,374.57,2
17495,8,27,497.56,0
17496,359,10,271.05,2
17498,76,17,272.22,0
17499,290,40,622.88,2
17500,17,5,1138.0,0
17501,221,18,288.6,3
17502,9,28,689.1,0
17503,3,38,558.96,0
17504,206,127,2997.0299999999997,3
17505,162,52,1145.84,3
17506,76,14,302.2,0
17507,262,88,605.58,2
17508,281,22,387.31,2
17509,58,366,6115.14,0
17510,25,20,308.48,0
17511,3,963,91062.38,0
17512,29,105,2924.9900000000002,0
17513,72,6,513.2,0
17514,128,40,208.65,3
17515,31,87,639.02,0
17516,15,137,768.08,0
17517,309,11,153.94,2
17519,17,82,1844.02,0
17520,54,30,546.81,0
17521,30,45,723.2099999999999,0
17522,2,73,1070.71,0
17523,11,33,652.74,0
17524,361,6,145.0,2
17525,360,9,422.70000000000005,2
17526,5,19,1195.8999999999999,0
17527,54,47,939.37,0
17528,1,253,3628.5,0
17530,1,394,2385.0,0
17531,190,14,296.7,3
17534,54,9,223.36,0
17535,280,13,164.4,2
17536,177,3,76.5,3
17537,30,75,897.62,0
17538,26,9,98.42,0
17540,25,25,578.9,0
17542,270,25,170.75,2
17545,43,145,645.96,0
17548,234,5,103.3,2
17549,24,6,148.86,0
17550,197,42,267.16,3
17551,359,43,306.84,2
17552,60,49,930.41,0
17553,130,2,1487.6,3
17554,1,88,1952.45,0
17555,20,106,483.26,0
17556,206,6,157.9,3
17557,14,34,541.46,0
17560,95,26,854.95,0
17561,19,46,167.62,0
17562,14,63,1122.38,0
17564,24,49,454.01,0
17566,8,152,901.21,0
17567,7,165,4331.48,0
17569,332,29,344.14,2
17571,50,299,1498.51,0
17572,71,12,226.75000000000003,0
17573,29,25,380.6,0
17574,243,8,185.65,2
17576,8,411,3622.68,0
17578,218,5,143.45999999999998,3
17579,5,50,448.90000000000003,0
17580,253,45,215.72,2
17581,1,440,11045.04,0
17582,236,29,175.27,2
17584,7,35,1242.3,0
17585,109,214,1133.07,3
17588,100,23,1240.2,3
17589,60,253,2404.17,0
17590,2,201,1479.22,0
17591,73,166,2225.9700000000003,0
17593,4,213,3927.34,0
17594,85,50,993.18,0
17595,12,83,388.79,0
17596,23,270,2827.93,0
17597,214,55,2044.3700000000001,3
17600,18,13,161.67000000000002,0
17601,239,9,116.00999999999999,2
17602,2,560,5102.97,0
17603,78,11,394.72,0
17604,217,63,309.36,3
17608,33,59,193.42,0
17609,41,237,1112.22,0
17611,7,576,3984.22,0
17612,53,135,2048.45,0
17613,23,312,4559.150000000001,0
17614,57,100,390.07,0
17615,130,14,329.6,3
17616,174,3,571.1999999999999,3
17618,6,78,971.58,0
17619,312,77,218.52,2
17620,60,4,81.44,0
17621,21,26,1379.9,0
17623,33,33,527.0500000000001,0
17624,15,50,843.48,0
17625,18,315,2047.0,0
17628,81,5,75.75,0
17629,6,123,1814.12,0
17630,170,26,503.59999999999997,3
17631,2,39,528.33,0
17633,31,70,1324.84,0
17634,36,297,2361.9700000000003,0
17636,19,20,285.56,0
17637,31,35,547.0600000000001,0
17639,276,7,108.5,2
17640,87,5,621.66,0
17642,120,40,712.29,3
17643,373,8,101.55,2
17644,1,157,2895.64,0
17646,219,51,1008.39,3
17647,65,7,133.06,0
17648,61,91,1797.5,0
17649,138,52,868.49,3
17650,21,8,166.08,0
17651,12,232,3945.0,0
17652,25,259,4867.72,0
17653,37,44,1207.56,0
17654,277,22,117.55,2
17655,11,91,2638.94,0
17656,73,82,1674.69,0
17658,26,19,595.42,0
17659,17,158,2999.46,0
17660,141,45,196.0,3
17663,26,86,1802.91,0
17664,19,43,604.64,0
17666,4,18,728.16,0
17667,66,116,2055.51,0
17668,1,15,347.75,0
17669,43,68,3406.7200000000003,0
17670,228,11,205.7,2
17671,16,53,1572.71,0
17672,50,110,3178.17,0
17673,2,227,1629.12,0
17674,74,27,551.04,0
17675,1,705,20374.28,0
17676,4,78,1387.68,0
17677,2,304,16363.23,0
17678,264,16,298.11,2
17679,53,30,1992.1100000000001,0
17680,24,11,184.4,0
17682,10,118,2474.33,0
17684,44,15,239.41,0
17685,17,130,3191.53,0
17686,7,286,5739.46,0
17690,30,256,4757.95,0
17691,358,19,290.40000000000003,2
17692,127,46,740.9399999999999,3
17693,137,16,200.47,3
17694,142,15,283.12,3
17695,132,35,765.34,3
17696,38,115,2285.71,0
17697,236,19,338.95,2
17698,261,8,154.95,2
17700,17,142,2534.64,0
17701,253,24,417.95,2
17702,30,74,1824.37,0
17703,35,55,798.74,0
17704,169,31,885.19,3
17705,3,103,1823.52,0
17706,4,382,10504.49,0
17707,185,5,152.4,3
17708,188,35,267.08,3
17709,170,7,137.45,3
17711,11,23,385.1,0
17712,45,29,522.91,0
17714,321,10,153.0,2
17715,201,1,326.4,3
17716,23,245,5655.99,0
17718,232,6,139.35,2
17719,38,274,5396.04,0
17720,26,50,1195.94,0
17722,96,115,2424.04,0
17723,127,10,3276.4000000000005,3
17724,71,40,1033.0,0
17725,16,192,3439.08,0
17727,15,66,1060.25,0
17728,4,165,2876.01,0
17730,3,218,5298.4800000000005,0
17731,79,67,1240.11,0
17732,373,18,303.97,2
17733,39,35,692.19,0
17734,54,43,700.63,0
17735,2,690,13110.02,0
17736,9,25,377.44,0
17737,9,10,168.24,0
17738,19,97,1879.05,0
17739,12,47,2791.35,0
17742,113,15,355.11,3
17744,4,136,2322.4,0
17746,240,6,110.25,2
17747,113,1,71.4,3
17749,178,35,674.52,3
17750,5,193,1797.57,0
17752,359,1,80.64,2
17754,1,92,1772.26,0
17757,1,741,5605.29,0
17758,19,412,3456.7000000000003,0
17759,17,95,834.99,0
17760,22,25,287.59,0
17761,33,19,712.78,0
17763,263,1,15.0,2
17764,51,75,818.8199999999999,0
17765,159,57,371.88,3
17767,15,21,271.2,0
17768,8,105,2273.1800000000003,0
17769,13,310,3997.98,0
17770,199,38,1143.27,3
17771,57,54,245.81,0
17772,11,53,182.77,0
17774,97,156,1225.41,3
17775,255,3,56.4,2
17777,25,194,665.86,0
17779,21,82,658.57,0
17781,159,12,188.02,3
17783,72,67,283.47,0
17785,53,13,131.94,0
17786,85,72,278.74,0
17787,153,134,1865.19,3
17788,74,5,1117.9,0
17789,281,14,225.9,2
17790,27,190,1965.55,0
17791,30,10,106.1,0
17793,25,58,323.04,0
17795,180,46,350.39,3
17796,40,82,697.9,0
17797,22,111,780.43,0
17799,22,408,3055.93,0
17800,37,104,1199.01,0
17802,82,140,1285.04,0
17805,74,10,512.31,0
17806,11,43,546.04,0
17809,16,61,5411.91,0
17811,4,851,7837.7300000000005,0
17812,13,141,732.16,0
17813,14,371,1770.8799999999999,0
17816,37,17,36.56,0
17817,4,33,387.68,0
17819,72,48,3704.87,0
17824,51,13,298.4,0
17827,5,220,1995.46,0
17828,23,67,1820.09,0
17829,299,30,889.24,2
17830,2,23,398.7,0
17831,33,2,35.400000000000006,0
17832,50,61,155.37,0
17835,3,61,350.64,0
17836,47,24,110.21000000000001,0
17837,42,169,1593.38,0
17838,27,121,2779.3,0
17839,42,56,338.8,0
17841,2,7847,40991.57,0
17843,303,37,205.48,2
17844,107,5,51.559999999999995,3
17846,85,1,2033.1,0
17848,81,51,901.1999999999999,0
17849,218,26,605.8000000000001,3
17850,372,297,5391.21,2
17852,12,24,114.34,0
17854,185,15,311.26,3
17855,373,17,208.97,2
17856,2,15,1418.03,0
17857,4,54,26879.04,0
17858,6,199,5155.66,0
17859,305,25,148.21,2
17860,369,58,252.8,2
17861,3,222,2100.8,0
17862,324,11,330.9,2
17863,59,148,3160.0,0
17864,13,102,597.5,0
17865,31,370,10526.32,0
17866,143,9,329.65,3
17867,30,79,1197.1000000000001,0
17869,107,40,428.18,3
17870,2,279,1894.35,0
17871,205,10,155.9,3
17873,80,44,1859.16,0
17874,185,46,683.46,3
17877,170,12,237.61,3
17878,44,26,379.45,0
17879,174,6,178.51999999999998,3
17880,365,26,458.92,2
17881,304,8,133.35000000000002,2
17883,3,145,671.77,0
17884,4,117,717.45,0
17885,12,64,190.19,0
17886,32,109,899.61,0
17887,129,10,111.35,3
17888,21,67,726.05,0
17889,212,21,203.87,3
17890,323,94,602.09,2
17891,162,34,203.85999999999999,3
17892,56,28,244.1,0
17893,225,16,112.25,3
17894,72,193,1119.81,0
17895,44,16,98.0,0
17896,23,2,256.32,0
17897,173,114,566.6,3
17898,85,28,152.06,0
17899,159,32,155.8,3
17900,190,6,112.19999999999999,3
17901,29,19,110.38,0
17904,21,38,191.67,0
17905,71,34,800.24,0
17906,247,12,72.9,2
17908,374,58,243.28,2
17911,9,39,366.23,0
17912,310,38,311.01,2
17913,59,59,411.6,0
17914,4,80,336.43,0
17917,45,94,341.28,0
17919,88,23,1304.04,0
17920,4,696,4204.1,0
17921,64,145,826.52,0
17923,282,1,207.50000000000003,2
17924,12,31,2962.5,0
17925,373,1,244.08,2
17926,133,21,397.29,3
17928,45,23,212.54,0
17929,11,5,843.0,0
17930,36,39,1740.48,0
17931,134,65,408.36,3
17932,29,90,1331.57,0
17934,52,21,704.25,0
17935,138,29,145.79,3
17936,5,77,389.84,0
17937,9,43,4301.22,0
17939,160,12,99.14,3
17940,49,19,4106.4400000000005,0
17941,131,2,304.56,3
17942,8,2,77.50000000000001,0
17946,233,20,149.57999999999998,2
17947,37,9,176.68,0
17948,147,1,358.56000000000006,3
17949,1,70,58510.48,0
17950,72,71,482.2,0
17951,40,20,1008.5400000000001,0
17954,5,485,2332.72,0
17955,199,19,557.3,3
17956,249,1,12.75,2
17957,66,31,111.68,0
17958,117,7,508.4599999999999,3
17960,171,26,73.78,3
17961,21,249,1296.44,0
17962,142,35,102.83,3
17964,32,104,471.7,0
17965,38,329,2622.57,0
17966,38,68,1098.43,0
17967,372,48,123.07,2
17968,374,85,277.35,2
17969,166,14,228.2,3
17970,211,31,582.59,3
17972,242,31,136.04,2
17973,52,15,337.04,0
17974,25,179,740.79,0
17975,15,296,4488.81,0
17976,372,65,353.19,2
17977,29,21,288.14,0
17978,365,12,300.91999999999996,2
17979,36,146,757.71,0
17980,166,30,811.45,3
17984,145,48,152.68,3
17985,22,23,634.95,0
17986,56,1,20.8,0
17987,185,13,198.57,3
17988,12,38,201.12,0
17990,237,29,630.84,2
17991,225,5,93.35,3
17994,122,81,678.49,3
17995,282,2,76.1,2
17997,74,166,1970.6699999999998,0
17999,37,93,382.06,0
18001,12,58,417.23,0
18004,362,40,169.47,2
18005,4,60,249.72,0
18006,23,22,444.68,0
18008,70,30,2116.19,0
18009,235,32,257.34,2
18010,257,14,174.8,2
18011,373,28,102.78999999999999,2
18013,155,31,187.29,3
18014,28,32,166.42,0
18015,4,46,120.03,0
18016,32,123,1483.56,0
18017,81,3,523.0,0
18018,108,29,122.14,3
18019,52,5,38.45,0
18022,36,191,668.11,0
18024,153,21,389.78,3
18027,99,21,115.31,3
18030,4,9,230.64999999999998,0
18032,334,5,73.5,2
18033,65,34,97.97,0
18034,22,112,422.88,0
18035,36,53,730.4,0
18036,32,96,405.62,0
18037,154,19,70.02,3
18040,19,19,357.20000000000005,0
18041,12,472,4183.39,0
18042,54,7,165.04999999999998,0
18043,25,121,559.51,0
18044,4,127,2088.6,0
18045,45,47,189.4,0
18048,203,7,172.29000000000002,3
18050,359,5,74.4,2
18053,71,20,300.02,0
18055,7,360,6784.1900000000005,0
18056,288,19,363.65,2
18058,10,3,170.16,0
18059,23,18,306.46,0
18061,22,46,2119.41,0
18062,173,27,720.52,3
18064,133,7,814.0,3
18065,6,137,2392.83,0
18066,75,10,318.0,0
18067,40,37,396.33,0
18068,289,1,101.69999999999999,2
18069,26,470,2036.67,0
18071,258,25,453.0,2
18072,186,18,247.44,3
18073,114,73,3877.5200000000004,3
18074,374,13,489.6,2
18075,23,142,2611.75,0
18077,8,227,2633.0099999999998,0
18078,217,29,336.13,3
18079,45,127,3651.97,0
18080,19,2,1231.5,0
18081,36,17,343.45,0
18082,26,73,703.37,0
18084,16,1,90.47999999999999,0
18085,330,29,689.95,2
18086,274,7,101.34,2
18087,98,2,4055.7199999999993,3
18088,61,39,167.67000000000002,0
18092,2,89,9068.26,0
18093,93,36,2106.52,0
18094,82,70,3017.3,0
18095,313,21,580.0500000000001,2
18096,12,213,911.15,0
18097,8,108,2697.8,0
18099,127,19,168.31,3
18101,11,41,223.65,0
18102,1,431,259657.3,0
18104,37,38,754.64,0
18105,38,18,113.48000000000002,0
18106,330,39,430.7,2
18108,254,17,271.0,2
18109,2,444,8052.97,0
18110,20,46,236.3,0
18112,12,26,352.69,0
18113,369,1,76.32000000000001,2
18114,290,28,220.1,2
18116,68,378,1418.03,0
18117,26,74,320.72,0
18118,11,1279,5653.82,0
18119,368,30,181.12,2
18120,214,17,111.15,3
18121,149,32,673.1,3
18122,8,364,1826.21,0
18123,24,36,589.4399999999999,0
18125,30,196,1142.99,0
18126,61,56,206.82999999999998,0
18127,19,47,348.73,0
18129,243,14,112.55000000000001,2
18130,15,70,1059.39,0
18133,212,1,931.4999999999999,3
18135,29,20,681.9100000000001,0
18136,63,38,784.33,0
18138,295,8,152.65,2
18139,18,159,8438.34,0
18142,157,15,1019.52,3
18143,117,61,1000.16,3
18144,8,43,2888.75,0
18145,13,221,2861.55,0
18146,141,10,160.35000000000002,3
18147,46,7,179.33999999999997,0
18149,51,16,612.0799999999999,0
18150,32,37,566.58,0
18151,135,38,653.35,3
18154,3,21,399.19,0
18155,75,25,371.62,0
18156,13,140,734.94,0
18158,9,34,453.4,0
18159,301,23,530.15,2
18160,57,39,638.0600000000001,0
18161,15,80,1618.69,0
18164,37,24,399.65000000000003,0
18165,177,10,302.46000000000004,3
18167,23,37,1384.8600000000001,0
18168,176,131,1169.94,3
18169,61,9,202.65,0
18170,33,38,980.31,0
18171,59,54,1231.31,0
18172,15,189,7561.68,0
18173,87,31,2106.84,0
18174,7,1,104.0,0
18176,358,30,476.35,2
18177,31,74,1341.42,0
18178,129,97,1590.81,3
18179,9,90,1793.17,0
18180,5,119,1843.75,0
18181,24,44,382.8,0
18183,227,37,632.07,3
18184,15,1,49.8,0
18185,249,17,304.25,2
18188,15,71,2001.04,0
18189,78,68,1090.24,0
18190,192,15,284.46000000000004,3
18191,262,7,207.79999999999998,2
18192,72,45,957.97,0
18193,165,16,243.76,3
18194,82,7,973.8399999999999,0
18196,95,141,689.13,0
18198,4,159,5425.56,0
18200,106,32,163.8,3
18202,200,68,1396.99,3
18203,157,19,160.42000000000002,3
18204,71,200,1993.7,0
18205,36,32,517.36,0
18209,29,8,139.10000000000002,0
18210,2,134,2621.38,0
18211,26,42,600.07,0
18212,326,43,248.42,2
18213,237,15,232.48000000000002,2
18215,89,13,299.34000000000003,0
18216,31,26,481.75,0
18217,29,31,621.75,0
18218,211,21,662.08,3
18219,3,114,2069.77,0
18220,227,2,305.28000000000003,3
18221,22,64,1041.61,0
18222,93,19,443.0,0
18223,5,272,6484.54,0
18224,264,10,158.95000000000002,2
18225,3,271,5509.12,0
18226,44,242,5228.05,0
18227,218,5,93.75,3
18228,57,30,779.9,0
18229,12,164,7276.900000000001,0
18230,9,86,2810.2000000000003,0
18231,192,124,2083.27,3
18232,82,37,592.97,0
18233,326,1,440.0,2
18235,72,104,1796.48,0
18236,30,49,882.24,0
18237,3,61,987.1,0
18239,219,88,1561.6100000000001,3
18240,46,6,422.58,0
18241,10,104,2073.09,0
18242,72,78,2232.4900000000002,0
18245,7,175,2567.06,0
18246,24,4,596.1,0
18248,123,47,804.02,3
18249,17,8,95.34,0
18250,310,21,349.27,2
18251,87,16,4314.72,0
18252,51,98,526.67,0
18255,89,6,103.3,0
18257,39,118,2337.63,0
18259,25,42,2338.6000000000004,0
18260,173,134,2643.2000000000003,3
18261,43,21,324.24,0
18262,140,13,149.48,3
18263,26,61,1213.1599999999999,0
18265,72,46,801.51,0
18268,134,1,25.5,3
18269,366,7,168.6,2
18270,38,11,283.15,0
18272,3,166,3078.58,0
18273,2,3,204.0,0
18274,30,11,175.92,0
18276,44,14,335.86,0
18277,58,8,110.38,0
18278,74,9,173.9,0
18280,278,10,180.60000000000002,2
18281,181,7,80.82,3
18282,8,12,178.05,0
18283,4,756,2094.88,0
18287,43,70,1837.28,0
